2026-08-04T06:21:35.5490670Z Current runner version: '2.336.0'
2026-08-04T06:21:35.5533620Z ##[group]Runner Image Provisioner
2026-08-04T06:21:35.5534400Z Hosted Compute Agent
2026-08-04T06:21:35.5535020Z Version: 20260707.563
2026-08-04T06:21:35.5535670Z Commit: 02667638d2b423fbc733a8e32a88b44996a3ba6e
2026-08-04T06:21:35.5536390Z Build Date: 2026-07-07T19:33:50Z
2026-08-04T06:21:35.5537120Z Worker ID: {d75ac115-f26b-4618-9346-f6934441d1a5}
2026-08-04T06:21:35.5540240Z Azure Region: westus
2026-08-04T06:21:35.5541880Z ##[endgroup]
2026-08-04T06:21:35.5548220Z ##[group]Operating System
2026-08-04T06:21:35.5548690Z macOS
2026-08-04T06:21:35.5549090Z 26.5.2
2026-08-04T06:21:35.5549500Z 25F84
2026-08-04T06:21:35.5549860Z ##[endgroup]
2026-08-04T06:21:35.5550320Z ##[group]Runner Image
2026-08-04T06:21:35.5550800Z Image: macos-26-arm64
2026-08-04T06:21:35.5551260Z Version: 20260728.0273.1
2026-08-04T06:21:35.5552340Z Included Software: https://github.com/actions/runner-images/blob/macos-26-arm64/20260728.0273/images/macos/macos-26-arm64-Readme.md
2026-08-04T06:21:35.5553620Z Image Release: https://github.com/actions/runner-images/releases/tag/macos-26-arm64%2F20260728.0273
2026-08-04T06:21:35.5555640Z ##[endgroup]
2026-08-04T06:21:35.5556700Z ##[group]GITHUB_TOKEN Permissions
2026-08-04T06:21:35.5559690Z Contents: write
2026-08-04T06:21:35.5560080Z Metadata: read
2026-08-04T06:21:35.5560440Z ##[endgroup]
2026-08-04T06:21:35.5565330Z Secret source: Actions
2026-08-04T06:21:35.5566120Z Prepare workflow directory
2026-08-04T06:21:35.6113950Z Prepare all required actions
2026-08-04T06:21:35.6174810Z Getting action download info
2026-08-04T06:21:36.0901320Z Download action repository 'actions/checkout@v5' (SHA:fbc6f3992d24b796d5a048ff273f7fcc4a7b6c09)
2026-08-04T06:21:36.5162900Z Download action repository 'dtolnay/rust-toolchain@stable' (SHA:4cda84d5c5c54efe2404f9d843567869ab1699d4)
2026-08-04T06:21:36.8585210Z Download action repository 'mozilla/sccache-action@v0.0.10' (SHA:9e7fa8a12102821edf02ca5dbea1acd0f89a2696)
2026-08-04T06:21:37.2348150Z Download action repository 'Swatinem/rust-cache@v2' (SHA:e18b497796c12c097a38f9edb9d0641fb99eee32)
2026-08-04T06:21:37.7510410Z Download action repository 'actions/setup-node@v5' (SHA:a0853c24544627f65ddf259abe73b1d18a591444)
2026-08-04T06:21:37.9104130Z Download action repository 'actions/upload-artifact@v5' (SHA:330a01c490aca151604b8cf639adc76d48f6c5d4)
2026-08-04T06:21:38.3472700Z Complete job name: macOS GUI/打包/分发烟测（按需触发）
2026-08-04T06:21:38.4787520Z ##[group]Run actions/checkout@v5
2026-08-04T06:21:38.4788630Z with:
2026-08-04T06:21:38.4789240Z   repository: lzlkyb/cc-bridge
2026-08-04T06:21:38.4796170Z   token: ***
2026-08-04T06:21:38.4796740Z   ssh-strict: true
2026-08-04T06:21:38.4797290Z   ssh-user: git
2026-08-04T06:21:38.4797860Z   persist-credentials: true
2026-08-04T06:21:38.4798500Z   clean: true
2026-08-04T06:21:38.4799300Z   sparse-checkout-cone-mode: true
2026-08-04T06:21:38.4800040Z   fetch-depth: 1
2026-08-04T06:21:38.4800640Z   fetch-tags: false
2026-08-04T06:21:38.4801340Z   show-progress: true
2026-08-04T06:21:38.4802060Z   lfs: false
2026-08-04T06:21:38.4802700Z   submodules: false
2026-08-04T06:21:38.4803300Z   set-safe-directory: true
2026-08-04T06:21:38.4804070Z   allow-unsafe-pr-checkout: false
2026-08-04T06:21:38.4806090Z env:
2026-08-04T06:21:38.4806750Z   SCCACHE_GHA_ENABLED: true
2026-08-04T06:21:38.4807460Z   RUSTC_WRAPPER: sccache
2026-08-04T06:21:38.4808160Z ##[endgroup]
2026-08-04T06:21:39.2510370Z Syncing repository: lzlkyb/cc-bridge
2026-08-04T06:21:39.2516800Z ##[group]Getting Git version info
2026-08-04T06:21:39.2519180Z Working directory is '/Users/runner/work/cc-bridge/cc-bridge'
2026-08-04T06:21:39.2522780Z [command]/opt/homebrew/bin/git version
2026-08-04T06:21:39.3070030Z git version 2.55.0
2026-08-04T06:21:39.3131280Z ##[endgroup]
2026-08-04T06:21:39.3140170Z Copying '/Users/runner/.gitconfig' to '/Users/runner/work/_temp/2b885441-89ba-4175-bb83-ac3052541bde/.gitconfig'
2026-08-04T06:21:39.3142370Z Temporarily overriding HOME='/Users/runner/work/_temp/2b885441-89ba-4175-bb83-ac3052541bde' before making global git config changes
2026-08-04T06:21:39.3146400Z Adding repository directory to the temporary git global config as a safe directory
2026-08-04T06:21:39.3151010Z [command]/opt/homebrew/bin/git config --global --add safe.directory /Users/runner/work/cc-bridge/cc-bridge
2026-08-04T06:21:39.3286870Z Deleting the contents of '/Users/runner/work/cc-bridge/cc-bridge'
2026-08-04T06:21:39.3292000Z ##[group]Initializing the repository
2026-08-04T06:21:39.3295390Z [command]/opt/homebrew/bin/git init /Users/runner/work/cc-bridge/cc-bridge
2026-08-04T06:21:39.3608680Z hint: Using 'master' as the name for the initial branch. This default branch name
2026-08-04T06:21:39.3614290Z hint: will change to "main" in Git 3.0. To configure the initial branch name
2026-08-04T06:21:39.3619290Z hint: to use in all of your new repositories, which will suppress this warning,
2026-08-04T06:21:39.3622170Z hint: call:
2026-08-04T06:21:39.3623610Z hint:
2026-08-04T06:21:39.3625450Z hint: 	git config --global init.defaultBranch <name>
2026-08-04T06:21:39.3627540Z hint:
2026-08-04T06:21:39.3629440Z hint: Names commonly chosen instead of 'master' are 'main', 'trunk' and
2026-08-04T06:21:39.3632670Z hint: 'development'. The just-created branch can be renamed via this command:
2026-08-04T06:21:39.3635240Z hint:
2026-08-04T06:21:39.3636630Z hint: 	git branch -m <name>
2026-08-04T06:21:39.3638500Z hint:
2026-08-04T06:21:39.3640820Z hint: Disable this message with "git config set advice.defaultBranchName false"
2026-08-04T06:21:39.3644330Z Initialized empty Git repository in /Users/runner/work/cc-bridge/cc-bridge/.git/
2026-08-04T06:21:39.3650350Z [command]/opt/homebrew/bin/git remote add origin https://github.com/lzlkyb/cc-bridge
2026-08-04T06:21:39.3780250Z ##[endgroup]
2026-08-04T06:21:39.3783290Z ##[group]Disabling automatic garbage collection
2026-08-04T06:21:39.3786930Z [command]/opt/homebrew/bin/git config --local gc.auto 0
2026-08-04T06:21:39.3906240Z ##[endgroup]
2026-08-04T06:21:39.3908950Z ##[group]Setting up auth
2026-08-04T06:21:39.3910810Z [command]/opt/homebrew/bin/git config --local --name-only --get-regexp core\.sshCommand
2026-08-04T06:21:39.4046120Z [command]/opt/homebrew/bin/git submodule foreach --recursive sh -c "git config --local --name-only --get-regexp 'core\.sshCommand' && git config --local --unset-all 'core.sshCommand' || :"
2026-08-04T06:21:39.5598540Z [command]/opt/homebrew/bin/git config --local --name-only --get-regexp http\.https\:\/\/github\.com\/\.extraheader
2026-08-04T06:21:39.5683990Z [command]/opt/homebrew/bin/git submodule foreach --recursive sh -c "git config --local --name-only --get-regexp 'http\.https\:\/\/github\.com\/\.extraheader' && git config --local --unset-all 'http.https://github.com/.extraheader' || :"
2026-08-04T06:21:39.7562070Z [command]/opt/homebrew/bin/git config --local --name-only --get-regexp ^includeIf\.gitdir:
2026-08-04T06:21:39.7574320Z [command]/opt/homebrew/bin/git submodule foreach --recursive git config --local --show-origin --name-only --get-regexp remote.origin.url
2026-08-04T06:21:39.9765550Z [command]/opt/homebrew/bin/git config --local http.https://github.com/.extraheader AUTHORIZATION: basic ***
2026-08-04T06:21:39.9923920Z ##[endgroup]
2026-08-04T06:21:39.9925330Z ##[group]Fetching the repository
2026-08-04T06:21:39.9933490Z [command]/opt/homebrew/bin/git -c protocol.version=2 fetch --no-tags --prune --no-recurse-submodules --depth=1 origin +f569f22ecc93852fc219c12dc1d0884673e5898c:refs/remotes/origin/main
2026-08-04T06:21:40.7414690Z From https://github.com/lzlkyb/cc-bridge
2026-08-04T06:21:40.7455730Z  * [new ref]         f569f22ecc93852fc219c12dc1d0884673e5898c -> origin/main
2026-08-04T06:21:40.7563290Z ##[endgroup]
2026-08-04T06:21:40.7583360Z ##[group]Determining the checkout info
2026-08-04T06:21:40.7613860Z ##[endgroup]
2026-08-04T06:21:40.7644230Z [command]/opt/homebrew/bin/git sparse-checkout disable
2026-08-04T06:21:40.7729510Z [command]/opt/homebrew/bin/git config --local --unset-all extensions.worktreeConfig
2026-08-04T06:21:40.7878000Z ##[group]Checking out the ref
2026-08-04T06:21:40.7880490Z [command]/opt/homebrew/bin/git checkout --progress --force -B main refs/remotes/origin/main
2026-08-04T06:21:40.8807140Z Switched to a new branch 'main'
2026-08-04T06:21:40.8813980Z branch 'main' set up to track 'origin/main'.
2026-08-04T06:21:40.8831350Z ##[endgroup]
2026-08-04T06:21:40.9038490Z [command]/opt/homebrew/bin/git log -1 --format=%H
2026-08-04T06:21:40.9142970Z f569f22ecc93852fc219c12dc1d0884673e5898c
2026-08-04T06:21:41.0015970Z ##[group]Run dtolnay/rust-toolchain@stable
2026-08-04T06:21:41.0016840Z with:
2026-08-04T06:21:41.0017450Z   toolchain: stable
2026-08-04T06:21:41.0017980Z env:
2026-08-04T06:21:41.0018480Z   SCCACHE_GHA_ENABLED: true
2026-08-04T06:21:41.0019210Z   RUSTC_WRAPPER: sccache
2026-08-04T06:21:41.0020230Z ##[endgroup]
2026-08-04T06:21:41.0205240Z ##[start-action display=Run : parse toolchain version;id=__dtolnay_rust-toolchain.parse]
2026-08-04T06:21:41.0387520Z ##[group]Run : parse toolchain version
2026-08-04T06:21:41.0389760Z [36;1m: parse toolchain version[0m
2026-08-04T06:21:41.0391540Z [36;1mif [[ -z $toolchain ]]; then[0m
2026-08-04T06:21:41.0393900Z [36;1m  # GitHub does not enforce `required: true` inputs itself. https://github.com/actions/runner/issues/1070[0m
2026-08-04T06:21:41.0395210Z [36;1m  echo "'toolchain' is a required input" >&2[0m
2026-08-04T06:21:41.0395920Z [36;1m  exit 1[0m
2026-08-04T06:21:41.0396790Z [36;1melif [[ $toolchain =~ ^stable' '[0-9]+' '(year|month|week|day)s?' 'ago$ ]]; then[0m
2026-08-04T06:21:41.0397800Z [36;1m  if [[ macOS == macOS ]]; then[0m
2026-08-04T06:21:41.0399120Z [36;1m    echo "toolchain=1.$((($(date -v-$(sed 's/stable \([0-9]*\) \(.\).*/\1\2/' <<< $toolchain) +%s)/60/60/24-16569)/7/6))" >> $GITHUB_OUTPUT[0m
2026-08-04T06:21:41.0400320Z [36;1m  else[0m
2026-08-04T06:21:41.0401240Z [36;1m    echo "toolchain=1.$((($(date --date "${toolchain#stable }" +%s)/60/60/24-16569)/7/6))" >> $GITHUB_OUTPUT[0m
2026-08-04T06:21:41.0402310Z [36;1m  fi[0m
2026-08-04T06:21:41.0403080Z [36;1melif [[ $toolchain =~ ^stable' 'minus' '[0-9]+' 'releases?$ ]]; then[0m
2026-08-04T06:21:41.0404460Z [36;1m  echo "toolchain=1.$((($(date +%s)/60/60/24-16569)/7/6-${toolchain//[^0-9]/}))" >> $GITHUB_OUTPUT[0m
2026-08-04T06:21:41.0405610Z [36;1melif [[ $toolchain =~ ^1\.[0-9]+$ ]]; then[0m
2026-08-04T06:21:41.0408360Z [36;1m  echo "toolchain=1.$((i=${toolchain#1.}, c=($(date +%s)/60/60/24-16569)/7/6, i+9*i*(10*i<=c)+90*i*(100*i<=c)))" >> $GITHUB_OUTPUT[0m
2026-08-04T06:21:41.0409700Z [36;1melse[0m
2026-08-04T06:21:41.0410340Z [36;1m  echo "toolchain=$toolchain" >> $GITHUB_OUTPUT[0m
2026-08-04T06:21:41.0411110Z [36;1mfi[0m
2026-08-04T06:21:41.0556660Z shell: /bin/bash --noprofile --norc -e -o pipefail {0}
2026-08-04T06:21:41.0557670Z env:
2026-08-04T06:21:41.0558400Z   SCCACHE_GHA_ENABLED: true
2026-08-04T06:21:41.0559250Z   RUSTC_WRAPPER: sccache
2026-08-04T06:21:41.0559920Z   toolchain: stable
2026-08-04T06:21:41.0560520Z ##[endgroup]
2026-08-04T06:21:41.1341860Z ##[end-action id=__dtolnay_rust-toolchain.parse;outcome=success;conclusion=success;duration_ms=113]
2026-08-04T06:21:41.1385590Z ##[start-action display=Run : construct rustup command line;id=__dtolnay_rust-toolchain.flags]
2026-08-04T06:21:41.1423620Z ##[group]Run : construct rustup command line
2026-08-04T06:21:41.1424430Z [36;1m: construct rustup command line[0m
2026-08-04T06:21:41.1425490Z [36;1mecho "targets=$(for t in ${targets//,/ }; do echo -n ' --target' $t; done)" >> $GITHUB_OUTPUT[0m
2026-08-04T06:21:41.1426930Z [36;1mecho "components=$(for c in ${components//,/ }; do echo -n ' --component' $c; done)" >> $GITHUB_OUTPUT[0m
2026-08-04T06:21:41.1428050Z [36;1mecho "downgrade=" >> $GITHUB_OUTPUT[0m
2026-08-04T06:21:41.1480300Z shell: /bin/bash --noprofile --norc -e -o pipefail {0}
2026-08-04T06:21:41.1481240Z env:
2026-08-04T06:21:41.1481970Z   SCCACHE_GHA_ENABLED: true
2026-08-04T06:21:41.1482720Z   RUSTC_WRAPPER: sccache
2026-08-04T06:21:41.1483400Z   targets: 
2026-08-04T06:21:41.1483960Z   components: 
2026-08-04T06:21:41.1485010Z ##[endgroup]
2026-08-04T06:21:41.2028560Z ##[end-action id=__dtolnay_rust-toolchain.flags;outcome=success;conclusion=success;duration_ms=64]
2026-08-04T06:21:41.2036280Z ##[start-action display=Run : set $CARGO_HOME;id=__dtolnay_rust-toolchain.__run]
2026-08-04T06:21:41.2099390Z ##[group]Run : set $CARGO_HOME
2026-08-04T06:21:41.2102480Z [36;1m: set $CARGO_HOME[0m
2026-08-04T06:21:41.2104470Z [36;1mecho CARGO_HOME=${CARGO_HOME:-"$HOME/.cargo"} >> $GITHUB_ENV[0m
2026-08-04T06:21:41.2192100Z shell: /bin/bash --noprofile --norc -e -o pipefail {0}
2026-08-04T06:21:41.2194520Z env:
2026-08-04T06:21:41.2195860Z   SCCACHE_GHA_ENABLED: true
2026-08-04T06:21:41.2197500Z   RUSTC_WRAPPER: sccache
2026-08-04T06:21:41.2198940Z ##[endgroup]
2026-08-04T06:21:41.2607220Z ##[end-action id=__dtolnay_rust-toolchain.__run;outcome=success;conclusion=success;duration_ms=56]
2026-08-04T06:21:41.2611700Z ##[start-action display=Run : install rustup if needed;id=__dtolnay_rust-toolchain.__run_2]
2026-08-04T06:21:41.2676650Z ##[group]Run : install rustup if needed
2026-08-04T06:21:41.2678640Z [36;1m: install rustup if needed[0m
2026-08-04T06:21:41.2680550Z [36;1mif ! command -v rustup &>/dev/null; then[0m
2026-08-04T06:21:41.2684930Z [36;1m  curl --proto '=https' --tlsv1.2 --retry 10 --retry-connrefused --location --silent --show-error --fail https://sh.rustup.rs | sh -s -- --default-toolchain none -y[0m
2026-08-04T06:21:41.2689440Z [36;1m  echo "$CARGO_HOME/bin" >> $GITHUB_PATH[0m
2026-08-04T06:21:41.2691270Z [36;1mfi[0m
2026-08-04T06:21:41.2734960Z shell: /bin/bash --noprofile --norc -e -o pipefail {0}
2026-08-04T06:21:41.2735780Z env:
2026-08-04T06:21:41.2736350Z   SCCACHE_GHA_ENABLED: true
2026-08-04T06:21:41.2737040Z   RUSTC_WRAPPER: sccache
2026-08-04T06:21:41.2737910Z   CARGO_HOME: /Users/runner/.cargo
2026-08-04T06:21:41.2738590Z ##[endgroup]
2026-08-04T06:21:41.3061580Z ##[end-action id=__dtolnay_rust-toolchain.__run_2;outcome=success;conclusion=success;duration_ms=44]
2026-08-04T06:21:41.3070720Z ##[start-action display=Run : install rustup if needed on windows;id=__dtolnay_rust-toolchain.__run_3]
2026-08-04T06:21:41.3082660Z ##[end-action id=__dtolnay_rust-toolchain.__run_3;outcome=skipped;conclusion=skipped;duration_ms=0]
2026-08-04T06:21:41.3088240Z ##[start-action display=rustup toolchain install stable;id=__dtolnay_rust-toolchain.__run_4]
2026-08-04T06:21:41.3149540Z ##[group]Run rustup toolchain install stable --profile minimal --no-self-update
2026-08-04T06:21:41.3150860Z [36;1mrustup toolchain install stable --profile minimal --no-self-update[0m
2026-08-04T06:21:41.3188090Z shell: /bin/bash --noprofile --norc -e -o pipefail {0}
2026-08-04T06:21:41.3188930Z env:
2026-08-04T06:21:41.3189490Z   SCCACHE_GHA_ENABLED: true
2026-08-04T06:21:41.3190180Z   RUSTC_WRAPPER: sccache
2026-08-04T06:21:41.3190800Z   CARGO_HOME: /Users/runner/.cargo
2026-08-04T06:21:41.3191570Z   RUSTUP_PERMIT_COPY_RENAME: 1
2026-08-04T06:21:41.3192180Z ##[endgroup]
2026-08-04T06:21:41.8736300Z info: syncing channel updates for stable-aarch64-apple-darwin
2026-08-04T06:21:41.9916950Z 
2026-08-04T06:21:42.0062170Z   stable-aarch64-apple-darwin unchanged - rustc 1.97.1 (8bab26f4f 2026-07-14)
2026-08-04T06:21:42.0063950Z info: self-update is disabled for this build of rustup
2026-08-04T06:21:42.0081910Z 
2026-08-04T06:21:42.0085090Z info: any updates to rustup will need to be fetched with your system package manager
2026-08-04T06:21:42.0098150Z ##[end-action id=__dtolnay_rust-toolchain.__run_4;outcome=success;conclusion=success;duration_ms=700]
2026-08-04T06:21:42.0102630Z ##[start-action display=Run rustup default stable;id=__dtolnay_rust-toolchain.__run_5]
2026-08-04T06:21:42.0146650Z ##[group]Run rustup default stable
2026-08-04T06:21:42.0147420Z [36;1mrustup default stable[0m
2026-08-04T06:21:42.0226920Z shell: /bin/bash --noprofile --norc -e -o pipefail {0}
2026-08-04T06:21:42.0227350Z env:
2026-08-04T06:21:42.0227620Z   SCCACHE_GHA_ENABLED: true
2026-08-04T06:21:42.0227870Z   RUSTC_WRAPPER: sccache
2026-08-04T06:21:42.0228540Z   CARGO_HOME: /Users/runner/.cargo
2026-08-04T06:21:42.0228790Z ##[endgroup]
2026-08-04T06:21:42.0938640Z info: using existing install for stable-aarch64-apple-darwin
2026-08-04T06:21:42.0977070Z info: default toolchain set to stable-aarch64-apple-darwin
2026-08-04T06:21:42.0977770Z 
2026-08-04T06:21:42.1111840Z   stable-aarch64-apple-darwin unchanged - rustc 1.97.1 (8bab26f4f 2026-07-14)
2026-08-04T06:21:42.1112340Z 
2026-08-04T06:21:42.1137040Z ##[end-action id=__dtolnay_rust-toolchain.__run_5;outcome=success;conclusion=success;duration_ms=102]
2026-08-04T06:21:42.1144820Z ##[start-action display=Run : create cachekey;id=__dtolnay_rust-toolchain.rustc-version]
2026-08-04T06:21:42.1172920Z ##[group]Run : create cachekey
2026-08-04T06:21:42.1173320Z [36;1m: create cachekey[0m
2026-08-04T06:21:42.1174700Z [36;1mDATE=$(rustc +stable --version --verbose | sed -ne 's/^commit-date: \(20[0-9][0-9]\)-\([01][0-9]\)-\([0-3][0-9]\)$/\1\2\3/p')[0m
2026-08-04T06:21:42.1175400Z [36;1mHASH=$(rustc +stable --version --verbose | sed -ne 's/^commit-hash: //p')[0m
2026-08-04T06:21:42.1175920Z [36;1mecho "cachekey=$(echo $DATE$HASH | head -c12)" >> $GITHUB_OUTPUT[0m
2026-08-04T06:21:42.1220150Z shell: /bin/bash --noprofile --norc -e -o pipefail {0}
2026-08-04T06:21:42.1221280Z env:
2026-08-04T06:21:42.1221530Z   SCCACHE_GHA_ENABLED: true
2026-08-04T06:21:42.1221800Z   RUSTC_WRAPPER: sccache
2026-08-04T06:21:42.1222190Z   CARGO_HOME: /Users/runner/.cargo
2026-08-04T06:21:42.1222450Z ##[endgroup]
2026-08-04T06:21:42.2824840Z ##[end-action id=__dtolnay_rust-toolchain.rustc-version;outcome=success;conclusion=success;duration_ms=167]
2026-08-04T06:21:42.2828180Z ##[start-action display=Run : disable incremental compilation;id=__dtolnay_rust-toolchain.__run_6]
2026-08-04T06:21:42.2856890Z ##[group]Run : disable incremental compilation
2026-08-04T06:21:42.2857310Z [36;1m: disable incremental compilation[0m
2026-08-04T06:21:42.2857670Z [36;1mif [ -z "${CARGO_INCREMENTAL+set}" ]; then[0m
2026-08-04T06:21:42.2858130Z [36;1m  echo CARGO_INCREMENTAL=0 >> $GITHUB_ENV[0m
2026-08-04T06:21:42.2858420Z [36;1mfi[0m
2026-08-04T06:21:42.2897540Z shell: /bin/bash --noprofile --norc -e -o pipefail {0}
2026-08-04T06:21:42.2897940Z env:
2026-08-04T06:21:42.2898170Z   SCCACHE_GHA_ENABLED: true
2026-08-04T06:21:42.2898440Z   RUSTC_WRAPPER: sccache
2026-08-04T06:21:42.2898720Z   CARGO_HOME: /Users/runner/.cargo
2026-08-04T06:21:42.2898970Z ##[endgroup]
2026-08-04T06:21:42.3322030Z ##[end-action id=__dtolnay_rust-toolchain.__run_6;outcome=success;conclusion=success;duration_ms=49]
2026-08-04T06:21:42.3325520Z ##[start-action display=Run : enable colors in Cargo output;id=__dtolnay_rust-toolchain.__run_7]
2026-08-04T06:21:42.3351790Z ##[group]Run : enable colors in Cargo output
2026-08-04T06:21:42.3352160Z [36;1m: enable colors in Cargo output[0m
2026-08-04T06:21:42.3352560Z [36;1mif [ -z "${CARGO_TERM_COLOR+set}" ]; then[0m
2026-08-04T06:21:42.3352880Z [36;1m  echo CARGO_TERM_COLOR=always >> $GITHUB_ENV[0m
2026-08-04T06:21:42.3353230Z [36;1mfi[0m
2026-08-04T06:21:42.3433720Z shell: /bin/bash --noprofile --norc -e -o pipefail {0}
2026-08-04T06:21:42.3434120Z env:
2026-08-04T06:21:42.3434340Z   SCCACHE_GHA_ENABLED: true
2026-08-04T06:21:42.3434560Z   RUSTC_WRAPPER: sccache
2026-08-04T06:21:42.3434840Z   CARGO_HOME: /Users/runner/.cargo
2026-08-04T06:21:42.3435110Z   CARGO_INCREMENTAL: 0
2026-08-04T06:21:42.3435380Z ##[endgroup]
2026-08-04T06:21:42.3982250Z ##[end-action id=__dtolnay_rust-toolchain.__run_7;outcome=success;conclusion=success;duration_ms=65]
2026-08-04T06:21:42.3994670Z ##[start-action display=Run : enable Cargo sparse registry;id=__dtolnay_rust-toolchain.__run_8]
2026-08-04T06:21:42.4058190Z ##[group]Run : enable Cargo sparse registry
2026-08-04T06:21:42.4059100Z [36;1m: enable Cargo sparse registry[0m
2026-08-04T06:21:42.4060410Z [36;1m# implemented in 1.66, stabilized in 1.68, made default in 1.70[0m
2026-08-04T06:21:42.4062360Z [36;1mif [ -z "${CARGO_REGISTRIES_CRATES_IO_PROTOCOL+set}" -o -f "/Users/runner/work/_temp"/.implicit_cargo_registries_crates_io_protocol ]; then[0m
2026-08-04T06:21:42.4065430Z [36;1m  if rustc +stable --version --verbose | grep -q '^release: 1\.6[89]\.'; then[0m
2026-08-04T06:21:42.4066850Z [36;1m    touch "/Users/runner/work/_temp"/.implicit_cargo_registries_crates_io_protocol || true[0m
2026-08-04T06:21:42.4068240Z [36;1m    echo CARGO_REGISTRIES_CRATES_IO_PROTOCOL=sparse >> $GITHUB_ENV[0m
2026-08-04T06:21:42.4070170Z [36;1m  elif rustc +stable --version --verbose | grep -q '^release: 1\.6[67]\.'; then[0m
2026-08-04T06:21:42.4071620Z [36;1m    touch "/Users/runner/work/_temp"/.implicit_cargo_registries_crates_io_protocol || true[0m
2026-08-04T06:21:42.4073060Z [36;1m    echo CARGO_REGISTRIES_CRATES_IO_PROTOCOL=git >> $GITHUB_ENV[0m
2026-08-04T06:21:42.4074010Z [36;1m  fi[0m
2026-08-04T06:21:42.4074540Z [36;1mfi[0m
2026-08-04T06:21:42.4172370Z shell: /bin/bash --noprofile --norc -e -o pipefail {0}
2026-08-04T06:21:42.4173310Z env:
2026-08-04T06:21:42.4173890Z   SCCACHE_GHA_ENABLED: true
2026-08-04T06:21:42.4174680Z   RUSTC_WRAPPER: sccache
2026-08-04T06:21:42.4175410Z   CARGO_HOME: /Users/runner/.cargo
2026-08-04T06:21:42.4176270Z   CARGO_INCREMENTAL: 0
2026-08-04T06:21:42.4177020Z   CARGO_TERM_COLOR: always
2026-08-04T06:21:42.4177820Z ##[endgroup]
2026-08-04T06:21:42.5394500Z ##[end-action id=__dtolnay_rust-toolchain.__run_8;outcome=success;conclusion=success;duration_ms=139]
2026-08-04T06:21:42.5405090Z ##[start-action display=Run : work around spurious network errors in curl 8.0;id=__dtolnay_rust-toolchain.__run_9]
2026-08-04T06:21:42.5439940Z ##[group]Run : work around spurious network errors in curl 8.0
2026-08-04T06:21:42.5440470Z [36;1m: work around spurious network errors in curl 8.0[0m
2026-08-04T06:21:42.5441500Z [36;1m# https://rust-lang.zulipchat.com/#narrow/stream/246057-t-cargo/topic/timeout.20investigation[0m
2026-08-04T06:21:42.5442180Z [36;1mif rustc +stable --version --verbose | grep -q '^release: 1\.7[01]\.'; then[0m
2026-08-04T06:21:42.5442670Z [36;1m  echo CARGO_HTTP_MULTIPLEXING=false >> $GITHUB_ENV[0m
2026-08-04T06:21:42.5443020Z [36;1mfi[0m
2026-08-04T06:21:42.5482630Z shell: /bin/bash --noprofile --norc -e -o pipefail {0}
2026-08-04T06:21:42.5483000Z env:
2026-08-04T06:21:42.5483240Z   SCCACHE_GHA_ENABLED: true
2026-08-04T06:21:42.5483490Z   RUSTC_WRAPPER: sccache
2026-08-04T06:21:42.5483760Z   CARGO_HOME: /Users/runner/.cargo
2026-08-04T06:21:42.5484040Z   CARGO_INCREMENTAL: 0
2026-08-04T06:21:42.5484360Z   CARGO_TERM_COLOR: always
2026-08-04T06:21:42.5484670Z ##[endgroup]
2026-08-04T06:21:42.6046440Z ##[end-action id=__dtolnay_rust-toolchain.__run_9;outcome=success;conclusion=success;duration_ms=63]
2026-08-04T06:21:42.6051940Z ##[start-action display=Run rustc +stable --version --verbose;id=__dtolnay_rust-toolchain.__run_10]
2026-08-04T06:21:42.6076470Z ##[group]Run rustc +stable --version --verbose
2026-08-04T06:21:42.6076910Z [36;1mrustc +stable --version --verbose[0m
2026-08-04T06:21:42.6114030Z shell: /bin/bash --noprofile --norc -e -o pipefail {0}
2026-08-04T06:21:42.6114460Z env:
2026-08-04T06:21:42.6114760Z   SCCACHE_GHA_ENABLED: true
2026-08-04T06:21:42.6114990Z   RUSTC_WRAPPER: sccache
2026-08-04T06:21:42.6115230Z   CARGO_HOME: /Users/runner/.cargo
2026-08-04T06:21:42.6115500Z   CARGO_INCREMENTAL: 0
2026-08-04T06:21:42.6115780Z   CARGO_TERM_COLOR: always
2026-08-04T06:21:42.6115980Z ##[endgroup]
2026-08-04T06:21:42.6799030Z rustc 1.97.1 (8bab26f4f 2026-07-14)
2026-08-04T06:21:42.6800950Z binary: rustc
2026-08-04T06:21:42.6801760Z commit-hash: 8bab26f4f68e0e26f0bb7960be334d5b520ea452
2026-08-04T06:21:42.6802090Z commit-date: 2026-07-14
2026-08-04T06:21:42.6802330Z host: aarch64-apple-darwin
2026-08-04T06:21:42.6802580Z release: 1.97.1
2026-08-04T06:21:42.6803470Z LLVM version: 22.1.6
2026-08-04T06:21:42.6823170Z ##[end-action id=__dtolnay_rust-toolchain.__run_10;outcome=success;conclusion=success;duration_ms=76]
2026-08-04T06:21:42.6933480Z ##[group]Run mozilla/sccache-action@v0.0.10
2026-08-04T06:21:42.6933800Z with:
2026-08-04T06:21:42.6936220Z   token: ***
2026-08-04T06:21:42.6936440Z   disable_annotations: false
2026-08-04T06:21:42.6936640Z env:
2026-08-04T06:21:42.6936820Z   SCCACHE_GHA_ENABLED: true
2026-08-04T06:21:42.6937030Z   RUSTC_WRAPPER: sccache
2026-08-04T06:21:42.6937260Z   CARGO_HOME: /Users/runner/.cargo
2026-08-04T06:21:42.6937480Z   CARGO_INCREMENTAL: 0
2026-08-04T06:21:42.6937690Z   CARGO_TERM_COLOR: always
2026-08-04T06:21:42.6937890Z ##[endgroup]
2026-08-04T06:21:43.2285770Z try to setup sccache version: v0.17.0
2026-08-04T06:21:43.2435380Z sccache download from url: https://github.com/mozilla/sccache/releases/download/v0.17.0/sccache-v0.17.0-aarch64-apple-darwin.tar.gz
2026-08-04T06:21:43.6375800Z Correct checksum: 0c560bfba31aef5bdfb4fb3d2677f6e61d71c5c00952f2a83344f47aa31f00f1
2026-08-04T06:21:43.6617270Z [command]/usr/bin/tar xz -C /Users/runner/work/_temp/e76c444e-0fcf-48d1-9e5a-db83010c3f21 -f /Users/runner/work/_temp/7237e3a4-40c3-4d55-b9db-39374f75b2c6
2026-08-04T06:21:43.7452500Z sccache extracted to: /Users/runner/work/_temp/e76c444e-0fcf-48d1-9e5a-db83010c3f21
2026-08-04T06:21:43.8071580Z sccache cached to: /Users/runner/hostedtoolcache/sccache/0.17.0/arm64
2026-08-04T06:21:43.8342060Z ##[group]Run Swatinem/rust-cache@v2
2026-08-04T06:21:43.8343210Z with:
2026-08-04T06:21:43.8343710Z   workspaces: desktop/src-tauri
2026-08-04T06:21:43.8344380Z   prefix-key: v0-rust
2026-08-04T06:21:43.8345050Z   add-job-id-key: true
2026-08-04T06:21:43.8345780Z   add-rust-environment-hash-key: true
2026-08-04T06:21:43.8346490Z   cache-targets: true
2026-08-04T06:21:43.8346990Z   cache-all-crates: false
2026-08-04T06:21:43.8347620Z   cache-workspace-crates: false
2026-08-04T06:21:43.8348290Z   save-if: true
2026-08-04T06:21:43.8348900Z   cache-provider: github
2026-08-04T06:21:43.8349480Z   cache-bin: true
2026-08-04T06:21:43.8350080Z   lookup-only: false
2026-08-04T06:21:43.8350660Z   cmd-format: {0}
2026-08-04T06:21:43.8351260Z env:
2026-08-04T06:21:43.8351930Z   SCCACHE_GHA_ENABLED: true
2026-08-04T06:21:43.8352580Z   RUSTC_WRAPPER: sccache
2026-08-04T06:21:43.8353120Z   CARGO_HOME: /Users/runner/.cargo
2026-08-04T06:21:43.8353770Z   CARGO_INCREMENTAL: 0
2026-08-04T06:21:43.8354410Z   CARGO_TERM_COLOR: always
2026-08-04T06:21:43.8355180Z   SCCACHE_PATH: /Users/runner/hostedtoolcache/sccache/0.17.0/arm64/sccache
2026-08-04T06:21:43.8356050Z   ACTIONS_CACHE_SERVICE_V2: on
2026-08-04T06:21:43.8357110Z   ACTIONS_RESULTS_URL: https://results-receiver.actions.githubusercontent.com/
2026-08-04T06:21:43.8429330Z   ACTIONS_RUNTIME_TOKEN: ***
2026-08-04T06:21:43.8430510Z ##[endgroup]
2026-08-04T06:21:44.3316730Z (node:1431) [DEP0040] DeprecationWarning: The `punycode` module is deprecated. Please use a userland alternative instead.
2026-08-04T06:21:44.3318940Z (Use `node --trace-deprecation ...` to show where the warning was created)
2026-08-04T06:21:44.8296490Z ##[group]Cache Configuration
2026-08-04T06:21:44.8309770Z Cache Provider:
2026-08-04T06:21:44.8310360Z     github
2026-08-04T06:21:44.8310690Z Workspaces:
2026-08-04T06:21:44.8311920Z     /Users/runner/work/cc-bridge/cc-bridge/desktop/src-tauri
2026-08-04T06:21:44.8312550Z Cache Paths:
2026-08-04T06:21:44.8313060Z     /Users/runner/.cargo/bin
2026-08-04T06:21:44.8313460Z     /Users/runner/.cargo/.crates.toml
2026-08-04T06:21:44.8314410Z     /Users/runner/.cargo/.crates2.json
2026-08-04T06:21:44.8315250Z     /Users/runner/.cargo/registry
2026-08-04T06:21:44.8316070Z     /Users/runner/.cargo/git
2026-08-04T06:21:44.8316640Z     /Users/runner/work/cc-bridge/cc-bridge/desktop/src-tauri/target
2026-08-04T06:21:44.8317410Z Restore Key:
2026-08-04T06:21:44.8318070Z     v0-rust-smoke-macos-Darwin-arm64-b04b8c66
2026-08-04T06:21:44.8318780Z Cache Key:
2026-08-04T06:21:44.8319240Z     v0-rust-smoke-macos-Darwin-arm64-b04b8c66-82c46a42
2026-08-04T06:21:44.8319680Z .. Prefix:
2026-08-04T06:21:44.8320070Z   - v0-rust-smoke-macos-Darwin-arm64
2026-08-04T06:21:44.8320920Z .. Environment considered:
2026-08-04T06:21:44.8321240Z   - Rust Versions:
2026-08-04T06:21:44.8321980Z     - 1.97.1 aarch64-apple-darwin 8bab26f4f68e0e26f0bb7960be334d5b520ea452
2026-08-04T06:21:44.8325880Z     - 1.97.1 aarch64-apple-darwin 8bab26f4f68e0e26f0bb7960be334d5b520ea452
2026-08-04T06:21:44.8326330Z   - CARGO_HOME
2026-08-04T06:21:44.8326720Z   - CARGO_INCREMENTAL
2026-08-04T06:21:44.8327010Z   - CARGO_TERM_COLOR
2026-08-04T06:21:44.8327310Z   - RUSTC_WRAPPER
2026-08-04T06:21:44.8327580Z .. Lockfiles considered:
2026-08-04T06:21:44.8327990Z   - /Users/runner/work/cc-bridge/cc-bridge/desktop/src-tauri/Cargo.lock
2026-08-04T06:21:44.8328620Z   - /Users/runner/work/cc-bridge/cc-bridge/desktop/src-tauri/Cargo.toml
2026-08-04T06:21:44.8329470Z ##[endgroup]
2026-08-04T06:21:44.8329730Z 
2026-08-04T06:21:44.8329880Z ... Restoring cache ...
2026-08-04T06:21:45.1782940Z Cache hit for: v0-rust-smoke-macos-Darwin-arm64-b04b8c66-82c46a42
2026-08-04T06:21:46.4719500Z Received 0 of 498941152 (0.0%), 0.0 MBs/sec
2026-08-04T06:21:47.4739160Z Received 33554432 of 498941152 (6.7%), 16.0 MBs/sec
2026-08-04T06:21:48.4800750Z Received 109051904 of 498941152 (21.9%), 34.5 MBs/sec
2026-08-04T06:21:49.4926370Z Received 163577856 of 498941152 (32.8%), 38.9 MBs/sec
2026-08-04T06:21:50.4855320Z Received 243269632 of 498941152 (48.8%), 46.3 MBs/sec
2026-08-04T06:21:51.4868730Z Received 297795584 of 498941152 (59.7%), 47.2 MBs/sec
2026-08-04T06:21:52.4885500Z Received 369098752 of 498941152 (74.0%), 50.1 MBs/sec
2026-08-04T06:21:53.4968310Z Received 402653184 of 498941152 (80.7%), 47.9 MBs/sec
2026-08-04T06:21:54.4996430Z Received 469762048 of 498941152 (94.2%), 49.7 MBs/sec
2026-08-04T06:21:54.7260730Z Received 498941152 of 498941152 (100.0%), 51.4 MBs/sec
2026-08-04T06:21:54.7393360Z Cache Size: ~476 MB (498941152 B)
2026-08-04T06:21:54.7508200Z [command]/opt/homebrew/bin/gtar -xf /Users/runner/work/_temp/b00a6d19-f5f2-403a-9b83-d705750ecba5/cache.tzst -P -C /Users/runner/work/cc-bridge/cc-bridge --delay-directory-restore --use-compress-program unzstd
2026-08-04T06:22:01.6877320Z Cache restored successfully
2026-08-04T06:22:01.7096930Z Restored from cache key "v0-rust-smoke-macos-Darwin-arm64-b04b8c66-82c46a42" full match: true.
2026-08-04T06:22:01.7596480Z ##[group]Run actions/setup-node@v5
2026-08-04T06:22:01.7598850Z with:
2026-08-04T06:22:01.7600840Z   node-version: 22
2026-08-04T06:22:01.7602990Z   cache: npm
2026-08-04T06:22:01.7603500Z   cache-dependency-path: desktop/package-lock.json
2026-08-04T06:22:01.7603940Z   always-auth: false
2026-08-04T06:22:01.7604270Z   check-latest: false
2026-08-04T06:22:01.7606800Z   token: ***
2026-08-04T06:22:01.7607640Z   package-manager-cache: true
2026-08-04T06:22:01.7607920Z env:
2026-08-04T06:22:01.7608680Z   SCCACHE_GHA_ENABLED: true
2026-08-04T06:22:01.7608940Z   RUSTC_WRAPPER: sccache
2026-08-04T06:22:01.7609280Z   CARGO_HOME: /Users/runner/.cargo
2026-08-04T06:22:01.7609660Z   CARGO_INCREMENTAL: 0
2026-08-04T06:22:01.7610010Z   CARGO_TERM_COLOR: always
2026-08-04T06:22:01.7611490Z   SCCACHE_PATH: /Users/runner/hostedtoolcache/sccache/0.17.0/arm64/sccache
2026-08-04T06:22:01.7611900Z   ACTIONS_CACHE_SERVICE_V2: on
2026-08-04T06:22:01.7612570Z   ACTIONS_RESULTS_URL: https://results-receiver.actions.githubusercontent.com/
2026-08-04T06:22:01.7670640Z   ACTIONS_RUNTIME_TOKEN: ***
2026-08-04T06:22:01.7671090Z   CACHE_ON_FAILURE: false
2026-08-04T06:22:01.7671430Z ##[endgroup]
2026-08-04T06:22:02.1166660Z Found in cache @ /Users/runner/hostedtoolcache/node/22.23.1/arm64
2026-08-04T06:22:02.1171550Z (node:1621) [DEP0040] DeprecationWarning: The `punycode` module is deprecated. Please use a userland alternative instead.
2026-08-04T06:22:02.1172430Z (Use `node --trace-deprecation ...` to show where the warning was created)
2026-08-04T06:22:02.1177270Z ##[group]Environment details
2026-08-04T06:22:02.8340110Z node: v22.23.1
2026-08-04T06:22:02.8357420Z npm: 10.9.8
2026-08-04T06:22:02.8358760Z yarn: 1.22.22
2026-08-04T06:22:02.8360620Z ##[endgroup]
2026-08-04T06:22:02.8370200Z [command]/Users/runner/hostedtoolcache/node/22.23.1/arm64/bin/npm config get cache
2026-08-04T06:22:03.0778290Z /Users/runner/.npm
2026-08-04T06:22:03.3693350Z Cache hit for: node-cache-macOS-arm64-npm-88caa2905ba3909839ce663f8f2eee83c910a27ccdea2cf2fc014da8e5c67774
2026-08-04T06:22:03.3754660Z (node:1621) [DEP0169] DeprecationWarning: `url.parse()` behavior is not standardized and prone to errors that have security implications. Use the WHATWG URL API instead. CVEs are not issued for `url.parse()` vulnerabilities.
2026-08-04T06:22:04.6604320Z Received 770112 of 30130240 (2.6%), 0.7 MBs/sec
2026-08-04T06:22:05.1114100Z Received 30130240 of 30130240 (100.0%), 19.8 MBs/sec
2026-08-04T06:22:05.1122780Z Cache Size: ~29 MB (30130240 B)
2026-08-04T06:22:05.1155570Z [command]/opt/homebrew/bin/gtar -xf /Users/runner/work/_temp/b2354490-8c87-43a0-852b-ccf4b22d964a/cache.tzst -P -C /Users/runner/work/cc-bridge/cc-bridge --delay-directory-restore --use-compress-program unzstd
2026-08-04T06:22:05.2921690Z Cache restored successfully
2026-08-04T06:22:05.2941580Z Cache restored from key: node-cache-macOS-arm64-npm-88caa2905ba3909839ce663f8f2eee83c910a27ccdea2cf2fc014da8e5c67774
2026-08-04T06:22:05.3050640Z ##[group]Run set +e
2026-08-04T06:22:05.3050860Z [36;1mset +e[0m
2026-08-04T06:22:05.3051100Z [36;1mecho "::group::会话身份与系统信息"[0m
2026-08-04T06:22:05.3051360Z [36;1mid[0m
2026-08-04T06:22:05.3051650Z [36;1mecho "launchctl managername = $(launchctl managername 2>&1)   # Aqua = 有图形会话"[0m
2026-08-04T06:22:05.3052060Z [36;1mecho "SSH_CONNECTION=${SSH_CONNECTION:-<none>}"[0m
2026-08-04T06:22:05.3052380Z [36;1msw_vers[0m
2026-08-04T06:22:05.3052610Z [36;1mecho "arch = $(uname -m)"[0m
2026-08-04T06:22:05.3052840Z [36;1mecho "::endgroup::"[0m
2026-08-04T06:22:05.3053080Z [36;1m[0m
2026-08-04T06:22:05.3053300Z [36;1mecho "::group::screencapture 能否出图"[0m
2026-08-04T06:22:05.3053620Z [36;1mscreencapture -x "$RUNNER_TEMP/probe.png"[0m
2026-08-04T06:22:05.3053950Z [36;1mecho "screencapture exit=$?"[0m
2026-08-04T06:22:05.3054210Z [36;1mls -l "$RUNNER_TEMP/probe.png" 2>&1[0m
2026-08-04T06:22:05.3054450Z [36;1mecho "::endgroup::"[0m
2026-08-04T06:22:05.3054710Z [36;1m[0m
2026-08-04T06:22:05.3054950Z [36;1mecho "::group::osascript 能否驱动 System Events（TCC 辅助权限）"[0m
2026-08-04T06:22:05.3055450Z [36;1mosascript -e 'tell application "System Events" to return name of first process' 2>&1[0m
2026-08-04T06:22:05.3055860Z [36;1mecho "osascript exit=$?"[0m
2026-08-04T06:22:05.3056080Z [36;1mecho "::endgroup::"[0m
2026-08-04T06:22:05.3100680Z shell: /bin/bash -e {0}
2026-08-04T06:22:05.3100950Z env:
2026-08-04T06:22:05.3101140Z   SCCACHE_GHA_ENABLED: true
2026-08-04T06:22:05.3101330Z   RUSTC_WRAPPER: sccache
2026-08-04T06:22:05.3101540Z   CARGO_HOME: /Users/runner/.cargo
2026-08-04T06:22:05.3101760Z   CARGO_INCREMENTAL: 0
2026-08-04T06:22:05.3102000Z   CARGO_TERM_COLOR: always
2026-08-04T06:22:05.3102370Z   SCCACHE_PATH: /Users/runner/hostedtoolcache/sccache/0.17.0/arm64/sccache
2026-08-04T06:22:05.3102780Z   ACTIONS_CACHE_SERVICE_V2: on
2026-08-04T06:22:05.3103140Z   ACTIONS_RESULTS_URL: https://results-receiver.actions.githubusercontent.com/
2026-08-04T06:22:05.3144170Z   ACTIONS_RUNTIME_TOKEN: ***
2026-08-04T06:22:05.3144400Z   CACHE_ON_FAILURE: false
2026-08-04T06:22:05.3144630Z ##[endgroup]
2026-08-04T06:22:05.3373920Z ##[group]会话身份与系统信息
2026-08-04T06:22:05.3437080Z uid=501(runner) gid=20(staff) groups=20(staff),12(everyone),61(localaccounts),79(_appserverusr),80(admin),81(_appserveradm),264(_webdeveloper),701(com.apple.sharepoint.group.1),33(_appstore),98(_lpadmin),100(_lpoperator),204(_developer),250(_analyticsusers),395(com.apple.access_ftp),398(com.apple.access_screensharing),399(com.apple.access_ssh),400(com.apple.access_remote_ae)
2026-08-04T06:22:05.3506490Z launchctl managername = Aqua   # Aqua = 有图形会话
2026-08-04T06:22:05.3506860Z SSH_CONNECTION=<none>
2026-08-04T06:22:05.3617170Z ProductName:		macOS
2026-08-04T06:22:05.3617670Z ProductVersion:		26.5.2
2026-08-04T06:22:05.3617930Z BuildVersion:		25F84
2026-08-04T06:22:05.3649570Z arch = arm64
2026-08-04T06:22:05.3650520Z ##[endgroup]
2026-08-04T06:22:05.3651060Z ##[group]screencapture 能否出图
2026-08-04T06:22:05.6713650Z screencapture exit=0
2026-08-04T06:22:05.6900220Z -rw-r--r--@ 1 runner  staff  80580 Aug  4 06:22 /Users/runner/work/_temp/probe.png
2026-08-04T06:22:05.6901940Z ##[endgroup]
2026-08-04T06:22:05.6903310Z ##[group]osascript 能否驱动 System Events（TCC 辅助权限）
2026-08-04T06:22:06.4949810Z loginwindow
2026-08-04T06:22:06.4959810Z osascript exit=0
2026-08-04T06:22:06.4961030Z ##[endgroup]
2026-08-04T06:22:06.5203340Z ##[group]Run set +e
2026-08-04T06:22:06.5203570Z [36;1mset +e[0m
2026-08-04T06:22:06.5203800Z [36;1mbash .github/scripts/mac-dismiss-dialogs.sh[0m
2026-08-04T06:22:06.5259570Z shell: /bin/bash -e {0}
2026-08-04T06:22:06.5259870Z env:
2026-08-04T06:22:06.5260150Z   SCCACHE_GHA_ENABLED: true
2026-08-04T06:22:06.5260410Z   RUSTC_WRAPPER: sccache
2026-08-04T06:22:06.5260730Z   CARGO_HOME: /Users/runner/.cargo
2026-08-04T06:22:06.5261100Z   CARGO_INCREMENTAL: 0
2026-08-04T06:22:06.5261290Z   CARGO_TERM_COLOR: always
2026-08-04T06:22:06.5261610Z   SCCACHE_PATH: /Users/runner/hostedtoolcache/sccache/0.17.0/arm64/sccache
2026-08-04T06:22:06.5265310Z   ACTIONS_CACHE_SERVICE_V2: on
2026-08-04T06:22:06.5266570Z   ACTIONS_RESULTS_URL: https://results-receiver.actions.githubusercontent.com/
2026-08-04T06:22:06.5349000Z   ACTIONS_RUNTIME_TOKEN: ***
2026-08-04T06:22:06.5349390Z   CACHE_ON_FAILURE: false
2026-08-04T06:22:06.5349630Z ##[endgroup]
2026-08-04T06:22:08.6827130Z no dialog found
2026-08-04T06:22:08.6845610Z dismiss exit=0
2026-08-04T06:22:08.6909450Z ##[group]Run npm ci
2026-08-04T06:22:08.6909860Z [36;1mnpm ci[0m
2026-08-04T06:22:08.6910180Z [36;1m# 与 Windows 侧同一个 npm optionalDependencies 坑（npm/cli#4828）：[0m
2026-08-04T06:22:08.6910680Z [36;1m# Tauri CLI 的平台 native binding 可能不被装上，显式补一次，不写回 lock。[0m
2026-08-04T06:22:08.6911070Z [36;1mif [ "$(uname -m)" = "arm64" ]; then[0m
2026-08-04T06:22:08.6911530Z [36;1m  npm install @tauri-apps/cli-darwin-arm64 --no-save || true[0m
2026-08-04T06:22:08.6912010Z [36;1melse[0m
2026-08-04T06:22:08.6912410Z [36;1m  npm install @tauri-apps/cli-darwin-x64 --no-save || true[0m
2026-08-04T06:22:08.6912900Z [36;1mfi[0m
2026-08-04T06:22:08.6965210Z shell: /bin/bash -e {0}
2026-08-04T06:22:08.6965970Z env:
2026-08-04T06:22:08.6966660Z   SCCACHE_GHA_ENABLED: true
2026-08-04T06:22:08.6967320Z   RUSTC_WRAPPER: sccache
2026-08-04T06:22:08.6968070Z   CARGO_HOME: /Users/runner/.cargo
2026-08-04T06:22:08.6968730Z   CARGO_INCREMENTAL: 0
2026-08-04T06:22:08.6970050Z   CARGO_TERM_COLOR: always
2026-08-04T06:22:08.6971600Z   SCCACHE_PATH: /Users/runner/hostedtoolcache/sccache/0.17.0/arm64/sccache
2026-08-04T06:22:08.6972320Z   ACTIONS_CACHE_SERVICE_V2: on
2026-08-04T06:22:08.6972830Z   ACTIONS_RESULTS_URL: https://results-receiver.actions.githubusercontent.com/
2026-08-04T06:22:08.7056520Z   ACTIONS_RUNTIME_TOKEN: ***
2026-08-04T06:22:08.7057680Z   CACHE_ON_FAILURE: false
2026-08-04T06:22:08.7058370Z ##[endgroup]
2026-08-04T06:22:10.8210100Z 
2026-08-04T06:22:10.8211240Z added 119 packages, and audited 120 packages in 2s
2026-08-04T06:22:10.8211600Z 
2026-08-04T06:22:10.8212140Z 25 packages are looking for funding
2026-08-04T06:22:10.8212790Z   run `npm fund` for details
2026-08-04T06:22:10.8237280Z 
2026-08-04T06:22:10.8237760Z 1 high severity vulnerability
2026-08-04T06:22:10.8249500Z 
2026-08-04T06:22:10.8251070Z To address all issues, run:
2026-08-04T06:22:10.8252170Z   npm audit fix
2026-08-04T06:22:10.8257250Z 
2026-08-04T06:22:10.8257640Z Run `npm audit` for details.
2026-08-04T06:22:11.5380630Z 
2026-08-04T06:22:11.5382280Z up to date, audited 120 packages in 536ms
2026-08-04T06:22:11.5382970Z 
2026-08-04T06:22:11.5383480Z 25 packages are looking for funding
2026-08-04T06:22:11.5384380Z   run `npm fund` for details
2026-08-04T06:22:11.5423830Z 
2026-08-04T06:22:11.5424580Z 1 high severity vulnerability
2026-08-04T06:22:11.5424990Z 
2026-08-04T06:22:11.5425580Z To address all issues, run:
2026-08-04T06:22:11.5434550Z   npm audit fix
2026-08-04T06:22:11.5434940Z 
2026-08-04T06:22:11.5435350Z Run `npm audit` for details.
2026-08-04T06:22:11.5567440Z ##[group]Run set -e
2026-08-04T06:22:11.5568090Z [36;1mset -e[0m
2026-08-04T06:22:11.5568460Z [36;1mnpx tauri signer generate -w "$RUNNER_TEMP/smoke.key" -p "" -f[0m
2026-08-04T06:22:11.5569140Z [36;1mls -l "$RUNNER_TEMP"/smoke.key*[0m
2026-08-04T06:22:11.5570810Z [36;1mecho "TAURI_SIGNING_PRIVATE_KEY=$RUNNER_TEMP/smoke.key" >> "$GITHUB_ENV"[0m
2026-08-04T06:22:11.5572090Z [36;1mecho "TAURI_SIGNING_PRIVATE_KEY_PASSWORD=" >> "$GITHUB_ENV"[0m
2026-08-04T06:22:11.5573100Z [36;1m# 要写进 pubkey 的是「公钥文件全文的 base64」。坑：`tauri signer generate`[0m
2026-08-04T06:22:11.5573540Z [36;1m# 产出的 .pub **文件内容本身就已经是 base64**（解码后才是[0m
2026-08-04T06:22:11.5573990Z [36;1m# "untrusted comment: minisign public key: ..." 那两行）。我最初又 base64 了一次，[0m
2026-08-04T06:22:11.5574380Z [36;1m# 双重编码导致构建直接报[0m
2026-08-04T06:22:11.5574720Z [36;1m#   failed to decode pubkey: ... Missing encoded key in public key[0m
2026-08-04T06:22:11.5575170Z [36;1m# 所以下面按**内容**自动判断而不是猜：能解出 minisign 头就直接用，[0m
2026-08-04T06:22:11.5575690Z [36;1m# 否则才编码一次（将来 Tauri 改格式也不会悲剧）。[0m
2026-08-04T06:22:11.5576060Z [36;1mPUB=$(node -e "[0m
2026-08-04T06:22:11.5576470Z [36;1m  const fs=require('fs'), f=process.argv[1];[0m
2026-08-04T06:22:11.5576880Z [36;1m  const raw=fs.readFileSync(f,'utf8').replace(/\s+/g,'');[0m
2026-08-04T06:22:11.5577270Z [36;1m  let out;[0m
2026-08-04T06:22:11.5577570Z [36;1m  try {[0m
2026-08-04T06:22:11.5577980Z [36;1m    out = Buffer.from(raw,'base64').toString('utf8').startsWith('untrusted comment')[0m
2026-08-04T06:22:11.5578490Z [36;1m      ? raw[0m
2026-08-04T06:22:11.5578820Z [36;1m      : fs.readFileSync(f).toString('base64');[0m
2026-08-04T06:22:11.5579210Z [36;1m  } catch (e) { out = fs.readFileSync(f).toString('base64'); }[0m
2026-08-04T06:22:11.5580050Z [36;1m  process.stdout.write(out);[0m
2026-08-04T06:22:11.5580790Z [36;1m" "$RUNNER_TEMP/smoke.key.pub")[0m
2026-08-04T06:22:11.5581650Z [36;1mecho "pubkey 长度=${#PUB}，解码首行：$(printf '%s' "$PUB" | node -e "let s='';process.stdin.on('data',d=>s+=d).on('end',()=>console.log(Buffer.from(s,'base64').toString().split('\n')[0]))")"[0m
2026-08-04T06:22:11.5582960Z [36;1mPUB="$PUB" node -e "[0m
2026-08-04T06:22:11.5583480Z [36;1m  const fs=require('fs'), p='src-tauri/tauri.conf.json';[0m
2026-08-04T06:22:11.5583960Z [36;1m  const j=JSON.parse(fs.readFileSync(p,'utf8'));[0m
2026-08-04T06:22:11.5584510Z [36;1m  const before=j.plugins.updater.pubkey.slice(0,24);[0m
2026-08-04T06:22:11.5585030Z [36;1m  j.plugins.updater.pubkey=process.env.PUB;[0m
2026-08-04T06:22:11.5586200Z [36;1m  fs.writeFileSync(p, JSON.stringify(j,null,2)+'\n');[0m
2026-08-04T06:22:11.5587210Z [36;1m  console.log('pubkey 已换为烟测一次性密钥的配对公钥（仅 CI 工作区临时改动，不提交）');[0m
2026-08-04T06:22:11.5587870Z [36;1m  console.log('  改前：'+before+'…  改后：'+j.plugins.updater.pubkey.slice(0,24)+'…');[0m
2026-08-04T06:22:11.5589020Z [36;1m"[0m
2026-08-04T06:22:11.5694220Z shell: /bin/bash -e {0}
2026-08-04T06:22:11.5694970Z env:
2026-08-04T06:22:11.5695670Z   SCCACHE_GHA_ENABLED: true
2026-08-04T06:22:11.5696300Z   RUSTC_WRAPPER: sccache
2026-08-04T06:22:11.5697030Z   CARGO_HOME: /Users/runner/.cargo
2026-08-04T06:22:11.5697690Z   CARGO_INCREMENTAL: 0
2026-08-04T06:22:11.5698370Z   CARGO_TERM_COLOR: always
2026-08-04T06:22:11.5699370Z   SCCACHE_PATH: /Users/runner/hostedtoolcache/sccache/0.17.0/arm64/sccache
2026-08-04T06:22:11.5700310Z   ACTIONS_CACHE_SERVICE_V2: on
2026-08-04T06:22:11.5700960Z   ACTIONS_RESULTS_URL: https://results-receiver.actions.githubusercontent.com/
2026-08-04T06:22:11.5745780Z   ACTIONS_RUNTIME_TOKEN: ***
2026-08-04T06:22:11.5746760Z   CACHE_ON_FAILURE: false
2026-08-04T06:22:11.5747470Z ##[endgroup]
2026-08-04T06:22:12.2709420Z 
2026-08-04T06:22:12.2712370Z Your keypair was generated successfully:
2026-08-04T06:22:12.2713900Z Private: /Users/runner/work/_temp/smoke.key (Keep it secret!)
2026-08-04T06:22:12.2715050Z Public: /Users/runner/work/_temp/smoke.key.pub
2026-08-04T06:22:12.2716210Z ---------------------------
2026-08-04T06:22:12.2716620Z 
2026-08-04T06:22:12.2718550Z Environment variables used to sign:
2026-08-04T06:22:12.2720570Z - `TAURI_SIGNING_PRIVATE_KEY`: String of your private key
2026-08-04T06:22:12.2721780Z - `TAURI_SIGNING_PRIVATE_KEY_PATH`: Path to your private key file
2026-08-04T06:22:12.2723470Z - `TAURI_SIGNING_PRIVATE_KEY_PASSWORD`:  Your private key password (optional if key has no password)
2026-08-04T06:22:12.2724480Z 
2026-08-04T06:22:12.2726200Z ATTENTION: If you lose your private key OR password, you'll not be able to sign your update package and updates will not work
2026-08-04T06:22:12.2901020Z -rw-r--r--  1 runner  staff  348 Aug  4 06:22 /Users/runner/work/_temp/smoke.key
2026-08-04T06:22:12.2901660Z -rw-r--r--  1 runner  staff  152 Aug  4 06:22 /Users/runner/work/_temp/smoke.key.pub
2026-08-04T06:22:12.3877310Z pubkey 长度=152，解码首行：untrusted comment: minisign public key: F066B9CE6879DEF6
2026-08-04T06:22:12.4248630Z pubkey 已换为烟测一次性密钥的配对公钥（仅 CI 工作区临时改动，不提交）
2026-08-04T06:22:12.4249710Z   改前：dW50cnVzdGVkIGNvbW1lbnQ6…  改后：dW50cnVzdGVkIGNvbW1lbnQ6…
2026-08-04T06:22:12.4339820Z ##[group]Run npm run prebuild
2026-08-04T06:22:12.4340640Z [36;1mnpm run prebuild[0m
2026-08-04T06:22:12.4341500Z [36;1m# bundle.targets 固定为 nsis（Windows 发版路径），mac 上用 --bundles 覆盖。[0m
2026-08-04T06:22:12.4342020Z [36;1m# 故意不往配置里加 mac target：那条路径是正式发版用的，不拿它做实验。[0m
2026-08-04T06:22:12.4342350Z [36;1mnpx tauri build --bundles app[0m
2026-08-04T06:22:12.4386750Z shell: /bin/bash -e {0}
2026-08-04T06:22:12.4387120Z env:
2026-08-04T06:22:12.4388090Z   SCCACHE_GHA_ENABLED: true
2026-08-04T06:22:12.4388470Z   RUSTC_WRAPPER: sccache
2026-08-04T06:22:12.4388740Z   CARGO_HOME: /Users/runner/.cargo
2026-08-04T06:22:12.4389060Z   CARGO_INCREMENTAL: 0
2026-08-04T06:22:12.4389380Z   CARGO_TERM_COLOR: always
2026-08-04T06:22:12.4389820Z   SCCACHE_PATH: /Users/runner/hostedtoolcache/sccache/0.17.0/arm64/sccache
2026-08-04T06:22:12.4390260Z   ACTIONS_CACHE_SERVICE_V2: on
2026-08-04T06:22:12.4390640Z   ACTIONS_RESULTS_URL: https://results-receiver.actions.githubusercontent.com/
2026-08-04T06:22:12.4438940Z   ACTIONS_RUNTIME_TOKEN: ***
2026-08-04T06:22:12.4439250Z   CACHE_ON_FAILURE: false
2026-08-04T06:22:12.4439650Z   TAURI_SIGNING_PRIVATE_KEY: /Users/runner/work/_temp/smoke.key
2026-08-04T06:22:12.4439960Z   TAURI_SIGNING_PRIVATE_KEY_PASSWORD: 
2026-08-04T06:22:12.4440180Z ##[endgroup]
2026-08-04T06:22:12.6479460Z 
2026-08-04T06:22:12.6480000Z > cc-bridge-desktop@2.3.20 prebuild
2026-08-04T06:22:12.6480590Z > node scripts/sync-version.mjs && node scripts/gen-changelog.mjs
2026-08-04T06:22:12.6480890Z 
2026-08-04T06:22:12.6948070Z [36m[SYNC-VERSION][0m Cargo.toml 版本（真源）: 2.3.20
2026-08-04T06:22:12.6952130Z [32m[SYNC-VERSION OK][0m tauri.conf.json 版本一致: 2.3.20
2026-08-04T06:22:12.6952680Z [32m[SYNC-VERSION OK][0m package.json 版本一致: 2.3.20
2026-08-04T06:22:12.7411710Z [36m[GEN-CHANGELOG][0m 解析到 39 个版本，生成最近 10 个
2026-08-04T06:22:12.7425070Z [32m[GEN-CHANGELOG OK][0m 已生成 /Users/runner/work/cc-bridge/cc-bridge/desktop/src/lib/changelog.generated.ts（10 个版本，2.3.20 为最新）
2026-08-04T06:22:13.6970020Z         Info Looking up installed tauri packages to check mismatched versions...
2026-08-04T06:22:14.1086660Z      Running beforeBuildCommand `npm run vite:build`
2026-08-04T06:22:14.3124200Z 
2026-08-04T06:22:14.3182240Z > cc-bridge-desktop@2.3.20 vite:build
2026-08-04T06:22:14.3249200Z > tsc && vite build
2026-08-04T06:22:14.3268060Z 
2026-08-04T06:22:18.7756720Z [36mvite v6.4.3 [32mbuilding for production...[36m[39m
2026-08-04T06:22:18.8220850Z transforming...
2026-08-04T06:22:19.7644570Z [32m✓[39m 158 modules transformed.
2026-08-04T06:22:19.9146690Z rendering chunks...
2026-08-04T06:22:19.9469750Z computing gzip size...
2026-08-04T06:22:19.9595350Z [2mdist/[22m[32mindex.html                       [39m[1m[2m  0.65 kB[22m[1m[22m[2m │ gzip:  0.33 kB[22m
2026-08-04T06:22:19.9597650Z [2mdist/[22m[2massets/[22m[35mindex-DR_2_Dne.css        [39m[1m[2m 89.52 kB[22m[1m[22m[2m │ gzip: 16.02 kB[22m
2026-08-04T06:22:19.9600020Z [2mdist/[22m[2massets/[22m[36mConfirmModal-BxNfWaLS.js  [39m[1m[2m  0.69 kB[22m[1m[22m[2m │ gzip:  0.43 kB[22m
2026-08-04T06:22:19.9612330Z [2mdist/[22m[2massets/[22m[36mtable-DIZoOQiB.js         [39m[1m[2m  0.83 kB[22m[1m[22m[2m │ gzip:  0.39 kB[22m
2026-08-04T06:22:19.9614640Z [2mdist/[22m[2massets/[22m[36mvendor-tauri-D4RCdzPG.js  [39m[1m[2m 14.95 kB[22m[1m[22m[2m │ gzip:  3.82 kB[22m
2026-08-04T06:22:19.9617080Z [2mdist/[22m[2massets/[22m[36mLogTab-7qYLH1Ww.js        [39m[1m[2m 32.84 kB[22m[1m[22m[2m │ gzip: 10.74 kB[22m
2026-08-04T06:22:19.9618100Z [2mdist/[22m[2massets/[22m[36mvendor-query-D7LYmuH7.js  [39m[1m[2m 41.57 kB[22m[1m[22m[2m │ gzip: 12.96 kB[22m
2026-08-04T06:22:19.9619240Z [2mdist/[22m[2massets/[22m[36mSettingsTab-CjNHIhaK.js   [39m[1m[2m 46.62 kB[22m[1m[22m[2m │ gzip: 14.45 kB[22m
2026-08-04T06:22:19.9620500Z [2mdist/[22m[2massets/[22m[36mSecurityTab-C9lpv-Gy.js   [39m[1m[2m 51.16 kB[22m[1m[22m[2m │ gzip: 14.61 kB[22m
2026-08-04T06:22:19.9622130Z [2mdist/[22m[2massets/[22m[36mvendor-react-BRehkr6i.js  [39m[1m[2m134.66 kB[22m[1m[22m[2m │ gzip: 43.23 kB[22m
2026-08-04T06:22:19.9627000Z [2mdist/[22m[2massets/[22m[36mindex-c0qaQzJJ.js         [39m[1m[2m138.06 kB[22m[1m[22m[2m │ gzip: 45.91 kB[22m
2026-08-04T06:22:19.9627540Z [32m✓ built in 1.16s[39m
2026-08-04T06:22:21.5176390Z [1m[92m    Updating[0m crates.io index
2026-08-04T06:22:26.6042090Z [1m[92m   Compiling[0m cc-bridge-desktop v2.3.20 (/Users/runner/work/cc-bridge/cc-bridge/desktop/src-tauri)
2026-08-04T06:22:26.6104080Z [1m[92m   Compiling[0m cc-bridge-macros v0.1.0 (/Users/runner/work/cc-bridge/cc-bridge/desktop/src-tauri/macros)
2026-08-04T06:24:22.4035820Z [1m[92m    Finished[0m `release` profile [optimized] target(s) in 2m 02s
2026-08-04T06:24:22.4655120Z        Built application at: /Users/runner/work/cc-bridge/cc-bridge/desktop/src-tauri/target/release/cc-bridge-desktop
2026-08-04T06:24:22.4829400Z     Bundling cc-bridge.app (/Users/runner/work/cc-bridge/cc-bridge/desktop/src-tauri/target/release/bundle/macos/cc-bridge.app)
2026-08-04T06:24:22.5206590Z      Signing with identity "-"
2026-08-04T06:24:22.5207410Z Signing with identity "-"
2026-08-04T06:24:22.5208540Z Signing /Users/runner/work/cc-bridge/cc-bridge/desktop/src-tauri/target/release/bundle/macos/cc-bridge.app/Contents/MacOS/cc-bridge-desktop
2026-08-04T06:24:22.5402590Z /Users/runner/work/cc-bridge/cc-bridge/desktop/src-tauri/target/release/bundle/macos/cc-bridge.app/Contents/MacOS/cc-bridge-desktop: replacing existing signature
2026-08-04T06:24:22.5751830Z Signing with identity "-"
2026-08-04T06:24:22.5752940Z Signing /Users/runner/work/cc-bridge/cc-bridge/desktop/src-tauri/target/release/bundle/macos/cc-bridge.app
2026-08-04T06:24:22.5844760Z /Users/runner/work/cc-bridge/cc-bridge/desktop/src-tauri/target/release/bundle/macos/cc-bridge.app: replacing existing signature
2026-08-04T06:24:22.6103240Z         Warn skipping app notarization, no APPLE_ID & APPLE_PASSWORD & APPLE_TEAM_ID or APPLE_API_KEY & APPLE_API_ISSUER & APPLE_API_KEY_PATH environment variables found
2026-08-04T06:24:22.8594790Z     Bundling /Users/runner/work/cc-bridge/cc-bridge/desktop/src-tauri/target/release/bundle/macos/cc-bridge.app.tar.gz (/Users/runner/work/cc-bridge/cc-bridge/desktop/src-tauri/target/release/bundle/macos/cc-bridge.app.tar.gz)
2026-08-04T06:24:22.8695740Z     Finished 1 bundle at:
2026-08-04T06:24:22.8797660Z         /Users/runner/work/cc-bridge/cc-bridge/desktop/src-tauri/target/release/bundle/macos/cc-bridge.app
2026-08-04T06:24:22.8898090Z         /Users/runner/work/cc-bridge/cc-bridge/desktop/src-tauri/target/release/bundle/macos/cc-bridge.app.tar.gz (updater)
2026-08-04T06:24:22.8999170Z 
2026-08-04T06:24:22.9899210Z     Finished 1 updater signature at:
2026-08-04T06:24:22.9901130Z         /Users/runner/work/cc-bridge/cc-bridge/desktop/src-tauri/target/release/bundle/macos/cc-bridge.app.tar.gz.sig
2026-08-04T06:24:22.9901850Z 
2026-08-04T06:24:23.0597840Z ##[group]Run set +e
2026-08-04T06:24:23.0598450Z [36;1mset +e[0m
2026-08-04T06:24:23.0599750Z [36;1mAPP="desktop/src-tauri/target/release/bundle/macos/cc-bridge.app"[0m
2026-08-04T06:24:23.0600340Z [36;1mls -la desktop/src-tauri/target/release/bundle/macos/ 2>&1[0m
2026-08-04T06:24:23.0600940Z [36;1mecho "::group::codesign -dv（签名主体，ad-hoc 应显示 Signature=adhoc）"[0m
2026-08-04T06:24:23.0601400Z [36;1mcodesign -dv --verbose=4 "$APP" 2>&1[0m
2026-08-04T06:24:23.0601790Z [36;1mecho "::endgroup::"[0m
2026-08-04T06:24:23.0602130Z [36;1mecho "::group::codesign --verify（签名完整性）"[0m
2026-08-04T06:24:23.0602640Z [36;1mcodesign --verify --deep --strict --verbose=2 "$APP" 2>&1[0m
2026-08-04T06:24:23.0603160Z [36;1mecho "verify exit=$?"[0m
2026-08-04T06:24:23.0603590Z [36;1mecho "::endgroup::"[0m
2026-08-04T06:24:23.0604040Z [36;1mecho "::group::spctl -a -vvv（Gatekeeper 对未公证包的结论）"[0m
2026-08-04T06:24:23.0634500Z [36;1mspctl -a -vvv -t exec "$APP" 2>&1[0m
2026-08-04T06:24:23.0635100Z [36;1mecho "spctl exit=$?   # 非 0 属预期：ad-hoc + 未公证"[0m
2026-08-04T06:24:23.0635570Z [36;1mecho "::endgroup::"[0m
2026-08-04T06:24:23.0824410Z shell: /bin/bash -e {0}
2026-08-04T06:24:23.0824630Z env:
2026-08-04T06:24:23.0824960Z   SCCACHE_GHA_ENABLED: true
2026-08-04T06:24:23.0825310Z   RUSTC_WRAPPER: sccache
2026-08-04T06:24:23.0825670Z   CARGO_HOME: /Users/runner/.cargo
2026-08-04T06:24:23.0826150Z   CARGO_INCREMENTAL: 0
2026-08-04T06:24:23.0826400Z   CARGO_TERM_COLOR: always
2026-08-04T06:24:23.0826880Z   SCCACHE_PATH: /Users/runner/hostedtoolcache/sccache/0.17.0/arm64/sccache
2026-08-04T06:24:23.0827200Z   ACTIONS_CACHE_SERVICE_V2: on
2026-08-04T06:24:23.0827670Z   ACTIONS_RESULTS_URL: https://results-receiver.actions.githubusercontent.com/
2026-08-04T06:24:23.0867060Z   ACTIONS_RUNTIME_TOKEN: ***
2026-08-04T06:24:23.0867280Z   CACHE_ON_FAILURE: false
2026-08-04T06:24:23.0867650Z   TAURI_SIGNING_PRIVATE_KEY: /Users/runner/work/_temp/smoke.key
2026-08-04T06:24:23.0868080Z   TAURI_SIGNING_PRIVATE_KEY_PASSWORD: 
2026-08-04T06:24:23.0868380Z ##[endgroup]
2026-08-04T06:24:23.1472160Z total 12072
2026-08-04T06:24:23.1476930Z drwxr-xr-x  5 runner  staff      160 Aug  4 06:24 .
2026-08-04T06:24:23.1478030Z drwxr-xr-x  3 runner  staff       96 Aug  4 06:24 ..
2026-08-04T06:24:23.1482120Z drwxr-xr-x  3 runner  staff       96 Aug  4 06:24 cc-bridge.app
2026-08-04T06:24:23.1486160Z -rw-r--r--  1 runner  staff  6175097 Aug  4 06:24 cc-bridge.app.tar.gz
2026-08-04T06:24:23.1487590Z -rw-r--r--  1 runner  staff      408 Aug  4 06:24 cc-bridge.app.tar.gz.sig
2026-08-04T06:24:23.1490920Z ##[group]codesign -dv（签名主体，ad-hoc 应显示 Signature=adhoc）
2026-08-04T06:24:23.1556310Z Executable=/Users/runner/work/cc-bridge/cc-bridge/desktop/src-tauri/target/release/bundle/macos/cc-bridge.app/Contents/MacOS/cc-bridge-desktop
2026-08-04T06:24:23.1557190Z Identifier=com.ccbridge.desktop
2026-08-04T06:24:23.1557720Z Format=app bundle with Mach-O thin (arm64)
2026-08-04T06:24:23.1558690Z CodeDirectory v=20500 size=27701 flags=0x10002(adhoc,runtime) hashes=859+3 location=embedded
2026-08-04T06:24:23.1559690Z VersionPlatform=1
2026-08-04T06:24:23.1560000Z VersionMin=720896
2026-08-04T06:24:23.1560210Z VersionSDK=1705216
2026-08-04T06:24:23.1560500Z Hash type=sha256 size=32
2026-08-04T06:24:23.1561010Z CandidateCDHash sha256=488775e83962e7b8f779cb6460ab091feed2e57c
2026-08-04T06:24:23.1561760Z CandidateCDHashFull sha256=488775e83962e7b8f779cb6460ab091feed2e57ca7505440030d261f1e92b126
2026-08-04T06:24:23.1562680Z Hash choices=sha256
2026-08-04T06:24:23.1563150Z CMSDigest=488775e83962e7b8f779cb6460ab091feed2e57ca7505440030d261f1e92b126
2026-08-04T06:24:23.1563510Z CMSDigestType=2
2026-08-04T06:24:23.1563760Z Executable Segment base=0
2026-08-04T06:24:23.1564210Z Executable Segment limit=12189696
2026-08-04T06:24:23.1564620Z Executable Segment flags=0x1
2026-08-04T06:24:23.1564880Z Page size=16384
2026-08-04T06:24:23.1565310Z CDHash=488775e83962e7b8f779cb6460ab091feed2e57c
2026-08-04T06:24:23.1565680Z Signature=adhoc
2026-08-04T06:24:23.1566470Z Info.plist entries=14
2026-08-04T06:24:23.1567140Z TeamIdentifier=not set
2026-08-04T06:24:23.1567360Z Runtime Version=26.5.0
2026-08-04T06:24:23.1568000Z Sealed Resources version=2 rules=13 files=1
2026-08-04T06:24:23.1568510Z Internal requirements count=0 size=12
2026-08-04T06:24:23.1569050Z ##[endgroup]
2026-08-04T06:24:23.1569830Z ##[group]codesign --verify（签名完整性）
2026-08-04T06:24:23.1745090Z desktop/src-tauri/target/release/bundle/macos/cc-bridge.app: valid on disk
2026-08-04T06:24:23.1746830Z desktop/src-tauri/target/release/bundle/macos/cc-bridge.app: satisfies its Designated Requirement
2026-08-04T06:24:23.1749490Z verify exit=0
2026-08-04T06:24:23.1750480Z ##[endgroup]
2026-08-04T06:24:23.1752000Z ##[group]spctl -a -vvv（Gatekeeper 对未公证包的结论）
2026-08-04T06:24:23.4048460Z desktop/src-tauri/target/release/bundle/macos/cc-bridge.app: rejected
2026-08-04T06:24:23.4053050Z spctl exit=3   # 非 0 属预期：ad-hoc + 未公证
2026-08-04T06:24:23.4054420Z ##[endgroup]
2026-08-04T06:24:23.4404350Z ##[group]Run set +e
2026-08-04T06:24:23.4404770Z [36;1mset +e[0m
2026-08-04T06:24:23.4405190Z [36;1mSRC="desktop/src-tauri/target/release/bundle/macos/cc-bridge.app"[0m
2026-08-04T06:24:23.4405680Z [36;1mQ="$RUNNER_TEMP/quarantined/cc-bridge.app"[0m
2026-08-04T06:24:23.4405970Z [36;1mmkdir -p "$RUNNER_TEMP/quarantined"[0m
2026-08-04T06:24:23.4406290Z [36;1mcp -R "$SRC" "$Q"[0m
2026-08-04T06:24:23.4406790Z [36;1mxattr -w com.apple.quarantine "0083;00000000;Safari;" "$Q"[0m
2026-08-04T06:24:23.4407210Z [36;1mecho "::group::打上隔离属性后"[0m
2026-08-04T06:24:23.4407510Z [36;1mxattr -l "$Q"[0m
2026-08-04T06:24:23.4407860Z [36;1mspctl -a -vvv -t exec "$Q" 2>&1[0m
2026-08-04T06:24:23.4408180Z [36;1mecho "spctl exit=$?"[0m
2026-08-04T06:24:23.4408510Z [36;1mecho "::endgroup::"[0m
2026-08-04T06:24:23.4408860Z [36;1mecho "::group::用户侧解法是否真的管用：xattr -dr com.apple.quarantine"[0m
2026-08-04T06:24:23.4409320Z [36;1mxattr -dr com.apple.quarantine "$Q"[0m
2026-08-04T06:24:23.4409730Z [36;1mecho "清除后属性列表（空即已清除）：[$(xattr -l "$Q")]"[0m
2026-08-04T06:24:23.4410130Z [36;1mspctl -a -vvv -t exec "$Q" 2>&1[0m
2026-08-04T06:24:23.4410540Z [36;1mecho "spctl exit=$?"[0m
2026-08-04T06:24:23.4410830Z [36;1mecho "::endgroup::"[0m
2026-08-04T06:24:23.4448960Z shell: /bin/bash -e {0}
2026-08-04T06:24:23.4449220Z env:
2026-08-04T06:24:23.4449500Z   SCCACHE_GHA_ENABLED: true
2026-08-04T06:24:23.4449710Z   RUSTC_WRAPPER: sccache
2026-08-04T06:24:23.4450050Z   CARGO_HOME: /Users/runner/.cargo
2026-08-04T06:24:23.4450420Z   CARGO_INCREMENTAL: 0
2026-08-04T06:24:23.4450640Z   CARGO_TERM_COLOR: always
2026-08-04T06:24:23.4451070Z   SCCACHE_PATH: /Users/runner/hostedtoolcache/sccache/0.17.0/arm64/sccache
2026-08-04T06:24:23.4451540Z   ACTIONS_CACHE_SERVICE_V2: on
2026-08-04T06:24:23.4451970Z   ACTIONS_RESULTS_URL: https://results-receiver.actions.githubusercontent.com/
2026-08-04T06:24:23.4492650Z   ACTIONS_RUNTIME_TOKEN: ***
2026-08-04T06:24:23.4493130Z   CACHE_ON_FAILURE: false
2026-08-04T06:24:23.4493640Z   TAURI_SIGNING_PRIVATE_KEY: /Users/runner/work/_temp/smoke.key
2026-08-04T06:24:23.4494080Z   TAURI_SIGNING_PRIVATE_KEY_PASSWORD: 
2026-08-04T06:24:23.4494450Z ##[endgroup]
2026-08-04T06:24:23.5040100Z ##[group]打上隔离属性后
2026-08-04T06:24:23.5066990Z com.apple.quarantine: 0083;00000000;Safari;
2026-08-04T06:24:23.5972360Z /Users/runner/work/_temp/quarantined/cc-bridge.app: rejected
2026-08-04T06:24:23.5974840Z spctl exit=3
2026-08-04T06:24:23.5975580Z ##[endgroup]
2026-08-04T06:24:23.5976570Z ##[group]用户侧解法是否真的管用：xattr -dr com.apple.quarantine
2026-08-04T06:24:23.6043000Z 清除后属性列表（空即已清除）：[]
2026-08-04T06:24:23.7046210Z /Users/runner/work/_temp/quarantined/cc-bridge.app: rejected
2026-08-04T06:24:23.7048860Z spctl exit=3
2026-08-04T06:24:23.7049490Z ##[endgroup]
2026-08-04T06:24:23.7347670Z ##[group]Run set +e
2026-08-04T06:24:23.7347940Z [36;1mset +e[0m
2026-08-04T06:24:23.7348240Z [36;1mAPP="$PWD/desktop/src-tauri/target/release/bundle/macos/cc-bridge.app"[0m
2026-08-04T06:24:23.7348700Z [36;1m# 不能写死 MacOS/cc-bridge：.app **目录名**用 productName（cc-bridge），而里面的[0m
2026-08-04T06:24:23.7349050Z [36;1m# **可执行文件名**用 Cargo 包名（cc-bridge-desktop），两者不一致。[0m
2026-08-04T06:24:23.7350140Z [36;1m# 第一轮 CI 就挂在这里（No such file or directory）——改从 Info.plist 取真值。[0m
2026-08-04T06:24:23.7350650Z [36;1mBIN_NAME=$(/usr/libexec/PlistBuddy -c 'Print :CFBundleExecutable' "$APP/Contents/Info.plist")[0m
2026-08-04T06:24:23.7351060Z [36;1mBIN="$APP/Contents/MacOS/$BIN_NAME"[0m
2026-08-04T06:24:23.7351380Z [36;1mecho "CFBundleExecutable=$BIN_NAME"[0m
2026-08-04T06:24:23.7351630Z [36;1mls -l "$APP/Contents/MacOS/"[0m
2026-08-04T06:24:23.7351880Z [36;1mecho "APP_BIN=$BIN" >> "$GITHUB_ENV"[0m
2026-08-04T06:24:23.7352120Z [36;1mLOG="$RUNNER_TEMP/app-1.log"[0m
2026-08-04T06:24:23.7352390Z [36;1m"$BIN" > "$LOG" 2>&1 &[0m
2026-08-04T06:24:23.7352600Z [36;1mPID=$![0m
2026-08-04T06:24:23.7352800Z [36;1mecho "APP_PID=$PID" >> "$GITHUB_ENV"[0m
2026-08-04T06:24:23.7353090Z [36;1mecho "已启动 pid=${PID}，窗口 visible:false，预期直接收进托盘"[0m
2026-08-04T06:24:23.7353350Z [36;1mcode=""[0m
2026-08-04T06:24:23.7353550Z [36;1mfor i in $(seq 1 40); do[0m
2026-08-04T06:24:23.7354020Z [36;1m  code=$(curl -s -o "$RUNNER_TEMP/health.json" -w '%{http_code}' --max-time 2 http://127.0.0.1:7823/health)[0m
2026-08-04T06:24:23.7354460Z [36;1m  if [ "$code" = "200" ]; then[0m
2026-08-04T06:24:23.7354720Z [36;1m    echo "✅ 第 ${i} 次探测命中：/health 200 —— MCP 服务在 mac 上自动起来了"[0m
2026-08-04T06:24:23.7355020Z [36;1m    cat "$RUNNER_TEMP/health.json"; echo[0m
2026-08-04T06:24:23.7355250Z [36;1m    break[0m
2026-08-04T06:24:23.7355410Z [36;1m  fi[0m
2026-08-04T06:24:23.7355600Z [36;1m  if ! kill -0 "$PID" 2>/dev/null; then[0m
2026-08-04T06:24:23.7355900Z [36;1m    echo "❌ 进程在第 ${i} 次探测前就退出了，这是 mac 启动路径的硬失败。日志："[0m
2026-08-04T06:24:23.7356170Z [36;1m    cat "$LOG"[0m
2026-08-04T06:24:23.7356390Z [36;1m    exit 1[0m
2026-08-04T06:24:23.7356570Z [36;1m  fi[0m
2026-08-04T06:24:23.7356720Z [36;1m  sleep 1[0m
2026-08-04T06:24:23.7356880Z [36;1mdone[0m
2026-08-04T06:24:23.7357030Z [36;1mif [ "$code" != "200" ]; then[0m
2026-08-04T06:24:23.7357250Z [36;1m  echo "❌ 40 秒内 /health 未就绪。日志："[0m
2026-08-04T06:24:23.7357460Z [36;1m  cat "$LOG"[0m
2026-08-04T06:24:23.7357640Z [36;1m  exit 1[0m
2026-08-04T06:24:23.7357790Z [36;1mfi[0m
2026-08-04T06:24:23.7390820Z shell: /bin/bash -e {0}
2026-08-04T06:24:23.7391050Z env:
2026-08-04T06:24:23.7391210Z   SCCACHE_GHA_ENABLED: true
2026-08-04T06:24:23.7391430Z   RUSTC_WRAPPER: sccache
2026-08-04T06:24:23.7391650Z   CARGO_HOME: /Users/runner/.cargo
2026-08-04T06:24:23.7391870Z   CARGO_INCREMENTAL: 0
2026-08-04T06:24:23.7392060Z   CARGO_TERM_COLOR: always
2026-08-04T06:24:23.7392370Z   SCCACHE_PATH: /Users/runner/hostedtoolcache/sccache/0.17.0/arm64/sccache
2026-08-04T06:24:23.7392710Z   ACTIONS_CACHE_SERVICE_V2: on
2026-08-04T06:24:23.7393080Z   ACTIONS_RESULTS_URL: https://results-receiver.actions.githubusercontent.com/
2026-08-04T06:24:23.7432360Z   ACTIONS_RUNTIME_TOKEN: ***
2026-08-04T06:24:23.7432600Z   CACHE_ON_FAILURE: false
2026-08-04T06:24:23.7432860Z   TAURI_SIGNING_PRIVATE_KEY: /Users/runner/work/_temp/smoke.key
2026-08-04T06:24:23.7433170Z   TAURI_SIGNING_PRIVATE_KEY_PASSWORD: 
2026-08-04T06:24:23.7433620Z ##[endgroup]
2026-08-04T06:24:23.8091810Z CFBundleExecutable=cc-bridge-desktop
2026-08-04T06:24:23.8147600Z total 27568
2026-08-04T06:24:23.8148630Z -rwxr-xr-x  1 runner  staff  14111808 Aug  4 06:24 cc-bridge-desktop
2026-08-04T06:24:23.8163150Z 已启动 pid=4898，窗口 visible:false，预期直接收进托盘
2026-08-04T06:24:26.0185870Z ✅ 第 3 次探测命中：/health 200 —— MCP 服务在 mac 上自动起来了
2026-08-04T06:24:26.0282310Z {"status":"ok","version":"2.3.20"}
2026-08-04T06:24:26.0604810Z ##[group]Run set +e
2026-08-04T06:24:26.0605300Z [36;1mset +e[0m
2026-08-04T06:24:26.0605570Z [36;1msample() {[0m
2026-08-04T06:24:26.0606570Z [36;1m  echo "::group::$1"[0m
2026-08-04T06:24:26.0608540Z [36;1m  ps -o pid,rss,vsz,comm -p "$APP_PID"[0m
2026-08-04T06:24:26.0609550Z [36;1m  # footprint 口径更接近活动监视器。注意：不能拿这里的数字直接跟 Windows 侧那[0m
2026-08-04T06:24:26.0611120Z [36;1m  # 82MB 比——那是 Private Working Set，口径不同；只看 mac 自己的前后差值。[0m
2026-08-04T06:24:26.0630190Z [36;1m  sudo /usr/bin/footprint -p "$APP_PID" 2>&1 | tail -8[0m
2026-08-04T06:24:26.0632340Z [36;1m  echo "— 同名相关进程（看 WKWebView 是否另起进程）—"[0m
2026-08-04T06:24:26.0633480Z [36;1m  ps ax -o pid,rss,comm | grep -i -e cc-bridge -e WebKit -e WebContent | grep -v grep[0m
2026-08-04T06:24:26.0634100Z [36;1m  echo "::endgroup::"[0m
2026-08-04T06:24:26.0634620Z [36;1m}[0m
2026-08-04T06:24:26.0637690Z [36;1m# 窗口数断言：用 unix id 定位进程，避开猜 System Events 里的进程名。[0m
2026-08-04T06:24:26.0638670Z [36;1mwins() { osascript -e "tell application \"System Events\" to tell (first process whose unix id is $APP_PID) to return count of windows" 2>&1; }[0m
2026-08-04T06:24:26.0639830Z [36;1mecho "AX 看到的进程名 = $(osascript -e "tell application \"System Events\" to return name of (first process whose unix id is $APP_PID)" 2>&1)"[0m
2026-08-04T06:24:26.0640530Z [36;1m# 注意口径：visible:false 只是不显示，**窗口对象与 webview 在启动时就已创建**，[0m
2026-08-04T06:24:26.0640990Z [36;1m# 所以 AX 窗口数本来就是 1（上一轮我把预期写成 0，是我对口径的误解）。[0m
2026-08-04T06:24:26.0641420Z [36;1m# 窗口数的真正用处是分辨关窗后的两种结局：销毁 → 0，hide → 仍为 1。[0m
2026-08-04T06:24:26.0641740Z [36;1msample "启动态（窗口已创建但隐藏）"[0m
2026-08-04T06:24:26.0642130Z [36;1mecho "启动态窗口数 = $(wins)   # 1 属正常：visible:false 不等于未创建"[0m
2026-08-04T06:24:26.0642630Z [36;1m# 第二次启动同一二进制 → single-instance 回调 → show_or_create_main_window。[0m
2026-08-04T06:24:26.0644200Z [36;1m"$APP_BIN" > "$RUNNER_TEMP/app-2.log" 2>&1[0m
2026-08-04T06:24:26.0644570Z [36;1mecho "第二实例退出码=$?，应为 0 且由 single-instance 把主窗口拉起来"[0m
2026-08-04T06:24:26.0646220Z [36;1msleep 10[0m
2026-08-04T06:24:26.0646950Z [36;1msample "显示窗口后（webview 已创建）"[0m
2026-08-04T06:24:26.0648400Z [36;1mecho "显示后窗口数 = $(wins)   # 预期 1，这条就是 single-instance 活了的硬证据"[0m
2026-08-04T06:24:26.0734610Z shell: /bin/bash -e {0}
2026-08-04T06:24:26.0734850Z env:
2026-08-04T06:24:26.0735050Z   SCCACHE_GHA_ENABLED: true
2026-08-04T06:24:26.0735270Z   RUSTC_WRAPPER: sccache
2026-08-04T06:24:26.0735520Z   CARGO_HOME: /Users/runner/.cargo
2026-08-04T06:24:26.0735810Z   CARGO_INCREMENTAL: 0
2026-08-04T06:24:26.0736040Z   CARGO_TERM_COLOR: always
2026-08-04T06:24:26.0736450Z   SCCACHE_PATH: /Users/runner/hostedtoolcache/sccache/0.17.0/arm64/sccache
2026-08-04T06:24:26.0736840Z   ACTIONS_CACHE_SERVICE_V2: on
2026-08-04T06:24:26.0737280Z   ACTIONS_RESULTS_URL: https://results-receiver.actions.githubusercontent.com/
2026-08-04T06:24:26.0801680Z   ACTIONS_RUNTIME_TOKEN: ***
2026-08-04T06:24:26.0802120Z   CACHE_ON_FAILURE: false
2026-08-04T06:24:26.0802460Z   TAURI_SIGNING_PRIVATE_KEY: /Users/runner/work/_temp/smoke.key
2026-08-04T06:24:26.0802770Z   TAURI_SIGNING_PRIVATE_KEY_PASSWORD: 
2026-08-04T06:24:26.0803570Z   APP_BIN: /Users/runner/work/cc-bridge/cc-bridge/desktop/src-tauri/target/release/bundle/macos/cc-bridge.app/Contents/MacOS/cc-bridge-desktop
2026-08-04T06:24:26.0804630Z   APP_PID: 4898
2026-08-04T06:24:26.0805470Z ##[endgroup]
2026-08-04T06:24:26.3955510Z AX 看到的进程名 = cc-bridge-desktop
2026-08-04T06:24:26.4061470Z ##[group]启动态（窗口已创建但隐藏）
2026-08-04T06:24:26.4106170Z   PID    RSS      VSZ COMM
2026-08-04T06:24:26.4352900Z  4898  88096 440034912 /Users/runner/work/cc-bridge/cc-bridge/desktop/src-tauri/target/release/bundle/macos/cc-bridge.app/Contents/MacOS/cc-bridge-desktop
2026-08-04T06:24:27.0453570Z     0 B        0 B          0 B       1020    __AUTH_CONST
2026-08-04T06:24:27.0592000Z     ---        ---          ---        ---    ---
2026-08-04T06:24:27.0734230Z   22 MB      20 MB       800 KB       8332    TOTAL
2026-08-04T06:24:27.0885300Z 
2026-08-04T06:24:27.1055090Z Auxiliary data:
2026-08-04T06:24:27.1204790Z     phys_footprint: 22 MB
2026-08-04T06:24:27.1303700Z     phys_footprint_peak: 22 MB
2026-08-04T06:24:27.1407120Z 
2026-08-04T06:24:27.1509320Z — 同名相关进程（看 WKWebView 是否另起进程）—
2026-08-04T06:24:27.1713670Z  4898  92480 /Users/runner/work/cc-bridge/cc-bridge/desktop/src-tauri/target/release/bundle/macos/cc-bridge.app/Contents/MacOS/cc-bridge-desktop
2026-08-04T06:24:27.1820670Z  4905  25888 /System/Library/Frameworks/WebKit.framework/Versions/A/XPCServices/com.apple.WebKit.Networking.xpc/Contents/MacOS/com.apple.WebKit.Networking
2026-08-04T06:24:27.1925280Z  4908  31936 /System/Library/Frameworks/WebKit.framework/Versions/A/XPCServices/com.apple.WebKit.WebContent.xpc/Contents/MacOS/com.apple.WebKit.WebContent
2026-08-04T06:24:27.2032170Z ##[endgroup]
2026-08-04T06:24:27.3644080Z 启动态窗口数 = 1   # 1 属正常：visible:false 不等于未创建
2026-08-04T06:24:27.7720690Z 第二实例退出码=0，应为 0 且由 single-instance 把主窗口拉起来
2026-08-04T06:24:37.8262340Z ##[group]显示窗口后（webview 已创建）
2026-08-04T06:24:37.8336060Z   PID    RSS      VSZ COMM
2026-08-04T06:24:37.8336910Z  4898 102096 440083456 /Users/runner/work/cc-bridge/cc-bridge/desktop/src-tauri/target/release/bundle/macos/cc-bridge.app/Contents/MacOS/cc-bridge-desktop
2026-08-04T06:24:38.0126400Z     0 B        0 B          0 B       1024    __AUTH_CONST
2026-08-04T06:24:38.0127120Z     ---        ---          ---        ---    ---
2026-08-04T06:24:38.0228430Z   24 MB      25 MB      1408 KB       8387    TOTAL
2026-08-04T06:24:38.0329400Z 
2026-08-04T06:24:38.0430470Z Auxiliary data:
2026-08-04T06:24:38.0531890Z     phys_footprint: 24 MB
2026-08-04T06:24:38.0634480Z     phys_footprint_peak: 24 MB
2026-08-04T06:24:38.0735630Z 
2026-08-04T06:24:38.0837230Z — 同名相关进程（看 WKWebView 是否另起进程）—
2026-08-04T06:24:38.0938820Z  4898 102112 /Users/runner/work/cc-bridge/cc-bridge/desktop/src-tauri/target/release/bundle/macos/cc-bridge.app/Contents/MacOS/cc-bridge-desktop
2026-08-04T06:24:38.1041940Z  4905  26704 /System/Library/Frameworks/WebKit.framework/Versions/A/XPCServices/com.apple.WebKit.Networking.xpc/Contents/MacOS/com.apple.WebKit.Networking
2026-08-04T06:24:38.1144510Z  4908 109648 /System/Library/Frameworks/WebKit.framework/Versions/A/XPCServices/com.apple.WebKit.WebContent.xpc/Contents/MacOS/com.apple.WebKit.WebContent
2026-08-04T06:24:38.1251600Z ##[endgroup]
2026-08-04T06:24:38.2683030Z 显示后窗口数 = 1   # 预期 1，这条就是 single-instance 活了的硬证据
2026-08-04T06:24:38.2862620Z ##[group]Run set +e
2026-08-04T06:24:38.2863950Z [36;1mset +e[0m
2026-08-04T06:24:38.2864300Z [36;1mecho "::group::只有 mac 产物时"[0m
2026-08-04T06:24:38.2865100Z [36;1mnpm run updater:generate 2>&1 | tail -30[0m
2026-08-04T06:24:38.2865510Z [36;1mecho "::endgroup::"[0m
2026-08-04T06:24:38.2865970Z [36;1mecho "::group::跨 job 合并语义（模拟已有 windows 条目的 json）"[0m
2026-08-04T06:24:38.2866820Z [36;1mprintf '%s' '{"version":"0.0.0","platforms":{"windows-x86_64":{"signature":"FAKE","url":"https://example.com/x.exe"}}}' > "$RUNNER_TEMP/base.json"[0m
2026-08-04T06:24:38.2867810Z [36;1mUPDATER_MERGE_INTO="$RUNNER_TEMP/base.json" UPDATER_OUTPUT_FILENAME=updater-merged.json npm run updater:generate 2>&1 | tail -30[0m
2026-08-04T06:24:38.2868720Z [36;1mecho "--- 合并结果的平台 key（应同时有 windows-x86_64 与 darwin-aarch64）---"[0m
2026-08-04T06:24:38.2869290Z [36;1mnode -e "const j=require('$PWD/dist/updater-merged.json');console.log(Object.keys(j.platforms).join(', '))"[0m
2026-08-04T06:24:38.2869940Z [36;1mecho "::endgroup::"[0m
2026-08-04T06:24:38.2955140Z shell: /bin/bash -e {0}
2026-08-04T06:24:38.2955690Z env:
2026-08-04T06:24:38.2965280Z   SCCACHE_GHA_ENABLED: true
2026-08-04T06:24:38.2967700Z   RUSTC_WRAPPER: sccache
2026-08-04T06:24:38.2968520Z   CARGO_HOME: /Users/runner/.cargo
2026-08-04T06:24:38.2970990Z   CARGO_INCREMENTAL: 0
2026-08-04T06:24:38.2974480Z   CARGO_TERM_COLOR: always
2026-08-04T06:24:38.2976920Z   SCCACHE_PATH: /Users/runner/hostedtoolcache/sccache/0.17.0/arm64/sccache
2026-08-04T06:24:38.2983780Z   ACTIONS_CACHE_SERVICE_V2: on
2026-08-04T06:24:38.2985860Z   ACTIONS_RESULTS_URL: https://results-receiver.actions.githubusercontent.com/
2026-08-04T06:24:38.3043230Z   ACTIONS_RUNTIME_TOKEN: ***
2026-08-04T06:24:38.3044630Z   CACHE_ON_FAILURE: false
2026-08-04T06:24:38.3045100Z   TAURI_SIGNING_PRIVATE_KEY: /Users/runner/work/_temp/smoke.key
2026-08-04T06:24:38.3045580Z   TAURI_SIGNING_PRIVATE_KEY_PASSWORD: 
2026-08-04T06:24:38.3046280Z   APP_BIN: /Users/runner/work/cc-bridge/cc-bridge/desktop/src-tauri/target/release/bundle/macos/cc-bridge.app/Contents/MacOS/cc-bridge-desktop
2026-08-04T06:24:38.3046940Z   APP_PID: 4898
2026-08-04T06:24:38.3047240Z ##[endgroup]
2026-08-04T06:24:38.3799150Z ##[group]只有 mac 产物时
2026-08-04T06:24:38.7790000Z 
2026-08-04T06:24:38.7891330Z > cc-bridge-desktop@2.3.20 updater:generate
2026-08-04T06:24:38.7952360Z > node scripts/generate-updater-json.mjs
2026-08-04T06:24:38.7961270Z 
2026-08-04T06:24:38.8001190Z [36m[INFO][0m 仓库: lzlkyb/cc-bridge
2026-08-04T06:24:38.8010440Z [36m[INFO][0m 版本: 2.3.20
2026-08-04T06:24:38.8111930Z [36m[INFO][0m Release Tag: v2.3.20
2026-08-04T06:24:38.8190610Z [36m[INFO][0m 扫描构建产物: /Users/runner/work/cc-bridge/cc-bridge/desktop/src-tauri/target/release/bundle
2026-08-04T06:24:38.8303130Z [32m[OK][0m darwin-aarch64: cc-bridge.app.tar.gz
2026-08-04T06:24:38.8405080Z [36m[INFO][0m   下载 URL: https://github.com/lzlkyb/cc-bridge/releases/download/v2.3.20/cc-bridge.app.tar.gz
2026-08-04T06:24:38.8521730Z [32m[OK][0m 已生成: /Users/runner/work/cc-bridge/cc-bridge/desktop/dist/updater.json（平台：darwin-aarch64）
2026-08-04T06:24:38.8623300Z {
2026-08-04T06:24:38.8724690Z   "version": "2.3.20",
2026-08-04T06:24:38.8754670Z   "notes": "cc-bridge v2.3.20",
2026-08-04T06:24:38.8786800Z   "pub_date": "2026-08-04T06:24:38.760Z",
2026-08-04T06:24:38.8791920Z   "platforms": {
2026-08-04T06:24:38.8918930Z     "darwin-aarch64": {
2026-08-04T06:24:38.8921670Z       "signature": "dW50cnVzdGVkIGNvbW1lbnQ6IHNpZ25hdHVyZSBmcm9tIHRhdXJpIHNlY3JldCBrZXkKUlVUMjNubG96cmxtOERNVFAyZEFxRWVvWiszblVQa2E0QjRRUDh3RWVvTER1dGhPOCtKbm44TVlLMVJMT21NWjBHcnZWY1VmcEZQWG9pRHFKU2o4dk1pVTlSbXdIVjkzY3dzPQp0cnVzdGVkIGNvbW1lbnQ6IHRpbWVzdGFtcDoxNzg1ODI0NjYyCWZpbGU6Y2MtYnJpZGdlLmFwcC50YXIuZ3oKRG5RWno3UERMMitpeFYwZXVCT2kzRGxkMGFZVHUwQVV1eWdWN0g2bmJ2cWdDNGlWdHl2bE9pamtwVWRGQXpCcFluZjlrMlhCZCtGc0wyOGxNalVJQXc9PQo=",
2026-08-04T06:24:38.8924400Z       "url": "https://github.com/lzlkyb/cc-bridge/releases/download/v2.3.20/cc-bridge.app.tar.gz"
2026-08-04T06:24:38.8924980Z     }
2026-08-04T06:24:38.8926160Z   }
2026-08-04T06:24:38.8926480Z }
2026-08-04T06:24:38.8927270Z ##[endgroup]
2026-08-04T06:24:38.9028990Z ##[group]跨 job 合并语义（模拟已有 windows 条目的 json）
2026-08-04T06:24:39.0124820Z 
2026-08-04T06:24:39.0226180Z > cc-bridge-desktop@2.3.20 updater:generate
2026-08-04T06:24:39.0327560Z > node scripts/generate-updater-json.mjs
2026-08-04T06:24:39.0340880Z 
2026-08-04T06:24:39.0443550Z [36m[INFO][0m 仓库: lzlkyb/cc-bridge
2026-08-04T06:24:39.0536820Z [36m[INFO][0m 版本: 2.3.20
2026-08-04T06:24:39.0538390Z [36m[INFO][0m Release Tag: v2.3.20
2026-08-04T06:24:39.0540140Z [36m[INFO][0m 扫描构建产物: /Users/runner/work/cc-bridge/cc-bridge/desktop/src-tauri/target/release/bundle
2026-08-04T06:24:39.0541730Z [36m[INFO][0m 已从 /Users/runner/work/_temp/base.json 读入已有平台条目：windows-x86_64
2026-08-04T06:24:39.0543190Z [32m[OK][0m darwin-aarch64: cc-bridge.app.tar.gz
2026-08-04T06:24:39.0544810Z [36m[INFO][0m   下载 URL: https://github.com/lzlkyb/cc-bridge/releases/download/v2.3.20/cc-bridge.app.tar.gz
2026-08-04T06:24:39.0546600Z [32m[OK][0m 已生成: /Users/runner/work/cc-bridge/cc-bridge/desktop/dist/updater-merged.json（平台：windows-x86_64, darwin-aarch64）
2026-08-04T06:24:39.0548090Z {
2026-08-04T06:24:39.0549150Z   "version": "2.3.20",
2026-08-04T06:24:39.0549820Z   "notes": "cc-bridge v2.3.20",
2026-08-04T06:24:39.0550920Z   "pub_date": "2026-08-04T06:24:38.998Z",
2026-08-04T06:24:39.0551740Z   "platforms": {
2026-08-04T06:24:39.0552720Z     "windows-x86_64": {
2026-08-04T06:24:39.0553740Z       "signature": "FAKE",
2026-08-04T06:24:39.0554600Z       "url": "https://example.com/x.exe"
2026-08-04T06:24:39.0555290Z     },
2026-08-04T06:24:39.0556160Z     "darwin-aarch64": {
2026-08-04T06:24:39.0559650Z       "signature": "dW50cnVzdGVkIGNvbW1lbnQ6IHNpZ25hdHVyZSBmcm9tIHRhdXJpIHNlY3JldCBrZXkKUlVUMjNubG96cmxtOERNVFAyZEFxRWVvWiszblVQa2E0QjRRUDh3RWVvTER1dGhPOCtKbm44TVlLMVJMT21NWjBHcnZWY1VmcEZQWG9pRHFKU2o4dk1pVTlSbXdIVjkzY3dzPQp0cnVzdGVkIGNvbW1lbnQ6IHRpbWVzdGFtcDoxNzg1ODI0NjYyCWZpbGU6Y2MtYnJpZGdlLmFwcC50YXIuZ3oKRG5RWno3UERMMitpeFYwZXVCT2kzRGxkMGFZVHUwQVV1eWdWN0g2bmJ2cWdDNGlWdHl2bE9pamtwVWRGQXpCcFluZjlrMlhCZCtGc0wyOGxNalVJQXc9PQo=",
2026-08-04T06:24:39.0564520Z       "url": "https://github.com/lzlkyb/cc-bridge/releases/download/v2.3.20/cc-bridge.app.tar.gz"
2026-08-04T06:24:39.0565570Z     }
2026-08-04T06:24:39.0566060Z   }
2026-08-04T06:24:39.0566690Z }
2026-08-04T06:24:39.0568090Z --- 合并结果的平台 key（应同时有 windows-x86_64 与 darwin-aarch64）---
2026-08-04T06:24:39.0569270Z windows-x86_64, darwin-aarch64
2026-08-04T06:24:39.0570260Z ##[endgroup]
2026-08-04T06:24:39.0619140Z ##[group]Run bash .github/scripts/mac-ax-probe.sh "$APP_PID"
2026-08-04T06:24:39.0619590Z [36;1mbash .github/scripts/mac-ax-probe.sh "$APP_PID"[0m
2026-08-04T06:24:39.0657570Z shell: /bin/bash -e {0}
2026-08-04T06:24:39.0657820Z env:
2026-08-04T06:24:39.0658120Z   SCCACHE_GHA_ENABLED: true
2026-08-04T06:24:39.0658390Z   RUSTC_WRAPPER: sccache
2026-08-04T06:24:39.0658770Z   CARGO_HOME: /Users/runner/.cargo
2026-08-04T06:24:39.0659150Z   CARGO_INCREMENTAL: 0
2026-08-04T06:24:39.0659330Z   CARGO_TERM_COLOR: always
2026-08-04T06:24:39.0659750Z   SCCACHE_PATH: /Users/runner/hostedtoolcache/sccache/0.17.0/arm64/sccache
2026-08-04T06:24:39.0660250Z   ACTIONS_CACHE_SERVICE_V2: on
2026-08-04T06:24:39.0660640Z   ACTIONS_RESULTS_URL: https://results-receiver.actions.githubusercontent.com/
2026-08-04T06:24:39.0702140Z   ACTIONS_RUNTIME_TOKEN: ***
2026-08-04T06:24:39.0702460Z   CACHE_ON_FAILURE: false
2026-08-04T06:24:39.0702880Z   TAURI_SIGNING_PRIVATE_KEY: /Users/runner/work/_temp/smoke.key
2026-08-04T06:24:39.0703320Z   TAURI_SIGNING_PRIVATE_KEY_PASSWORD: 
2026-08-04T06:24:39.0703940Z   APP_BIN: /Users/runner/work/cc-bridge/cc-bridge/desktop/src-tauri/target/release/bundle/macos/cc-bridge.app/Contents/MacOS/cc-bridge-desktop
2026-08-04T06:24:39.0704470Z   APP_PID: 4898
2026-08-04T06:24:39.0704640Z ##[endgroup]
2026-08-04T06:24:39.1079570Z ##[group]AX 第一层：window 1 的直接子元素
2026-08-04T06:24:39.2159510Z window role=AXWindow | children roles=AXGroup
2026-08-04T06:24:39.2676190Z ##[endgroup]
2026-08-04T06:24:39.2777360Z ##[group]AX 全树：统计 + 可交互元素清单（最多 80 条）
2026-08-04T06:24:43.9484370Z 元素总数=136
2026-08-04T06:24:43.9503230Z AXWebArea | name=missing value | desc=cc-bridge
2026-08-04T06:24:43.9505200Z AXButton | name=停止服务 | desc=
2026-08-04T06:24:43.9506350Z AXButton | name=切换深色 | desc=切换深色
2026-08-04T06:24:43.9507360Z AXButton | name=最小化 | desc=最小化
2026-08-04T06:24:43.9508380Z AXButton | name=最大化 | desc=最大化
2026-08-04T06:24:43.9509260Z AXButton | name=关闭窗口 | desc=关闭窗口
2026-08-04T06:24:43.9509910Z AXButton | name=连接 | desc=
2026-08-04T06:24:43.9510900Z AXButton | name=安全 | desc=
2026-08-04T06:24:43.9511400Z AXButton | name=设置 | desc=
2026-08-04T06:24:43.9512110Z AXButton | name=日志 | desc=
2026-08-04T06:24:43.9513040Z AXButton | name=关闭提示 | desc=关闭提示
2026-08-04T06:24:43.9513950Z AXButton | name=复制 | desc=
2026-08-04T06:24:43.9514610Z AXButton | name=停止服务 | desc=
2026-08-04T06:24:43.9515430Z AXButton | name=刷新地址 | desc=
2026-08-04T06:24:43.9516510Z AXButton | name=192.168.64.16 默认 家用/办公内网 | desc=
2026-08-04T06:24:43.9517030Z AXButton | name=复制 | desc=
2026-08-04T06:24:43.9517810Z AXButton | name=接入模式 项目级 · 仅指定项目生效 | desc=
2026-08-04T06:24:43.9518890Z AXButton | name=接入步骤 HTTP 点击展开查看连接命令 | desc=
2026-08-04T06:24:43.9519940Z AXButton | name=访问令牌 访问令牌 已配置 · 点击展开管理（显示 / 重生成） | desc=
2026-08-04T06:24:43.9520950Z AXButton | name=权限自动授权 点击展开查看授权命令 | desc=
2026-08-04T06:24:43.9521800Z AXTextField | name=missing value | desc=
2026-08-04T06:24:43.9522500Z AXButton | name=浏览 | desc=
2026-08-04T06:24:43.9523210Z AXButton | name=添加 | desc=
2026-08-04T06:24:43.9523710Z AXButton | name=跳过引导 | desc=
2026-08-04T06:24:43.9524420Z AXButton | name=下一步 | desc=
2026-08-04T06:24:43.9525020Z AXWebArea 个数=1（>0 就意味着 AX 穿进了 webview）
2026-08-04T06:24:43.9525950Z ##[endgroup]
2026-08-04T06:24:43.9526320Z probe done
2026-08-04T06:24:43.9557830Z ##[group]Run set +e
2026-08-04T06:24:43.9558090Z [36;1mset +e[0m
2026-08-04T06:24:43.9558350Z [36;1mbash .github/scripts/mac-ax-click.sh "$APP_PID" "跳过引导"[0m
2026-08-04T06:24:43.9558750Z [36;1msleep 4[0m
2026-08-04T06:24:43.9559060Z [36;1mbash .github/scripts/mac-ax-buttons.sh "$APP_PID" "跳过引导后的主界面"[0m
2026-08-04T06:24:43.9559460Z [36;1mbash .github/scripts/mac-ax-click.sh "$APP_PID" "设置"[0m
2026-08-04T06:24:43.9559760Z [36;1msleep 4[0m
2026-08-04T06:24:43.9560040Z [36;1mbash .github/scripts/mac-ax-buttons.sh "$APP_PID" "设置页（找检查更新 / 关于卡片）"[0m
2026-08-04T06:24:43.9560410Z [36;1mmkdir -p "$RUNNER_TEMP/shots"[0m
2026-08-04T06:24:43.9560740Z [36;1mscreencapture -x "$RUNNER_TEMP/shots/07-settings.png" 2>/dev/null[0m
2026-08-04T06:24:43.9596080Z shell: /bin/bash -e {0}
2026-08-04T06:24:43.9596320Z env:
2026-08-04T06:24:43.9596540Z   SCCACHE_GHA_ENABLED: true
2026-08-04T06:24:43.9596790Z   RUSTC_WRAPPER: sccache
2026-08-04T06:24:43.9597120Z   CARGO_HOME: /Users/runner/.cargo
2026-08-04T06:24:43.9597380Z   CARGO_INCREMENTAL: 0
2026-08-04T06:24:43.9597620Z   CARGO_TERM_COLOR: always
2026-08-04T06:24:43.9597990Z   SCCACHE_PATH: /Users/runner/hostedtoolcache/sccache/0.17.0/arm64/sccache
2026-08-04T06:24:43.9598380Z   ACTIONS_CACHE_SERVICE_V2: on
2026-08-04T06:24:43.9598820Z   ACTIONS_RESULTS_URL: https://results-receiver.actions.githubusercontent.com/
2026-08-04T06:24:43.9644230Z   ACTIONS_RUNTIME_TOKEN: ***
2026-08-04T06:24:43.9644480Z   CACHE_ON_FAILURE: false
2026-08-04T06:24:43.9645330Z   TAURI_SIGNING_PRIVATE_KEY: /Users/runner/work/_temp/smoke.key
2026-08-04T06:24:43.9645720Z   TAURI_SIGNING_PRIVATE_KEY_PASSWORD: 
2026-08-04T06:24:43.9646330Z   APP_BIN: /Users/runner/work/cc-bridge/cc-bridge/desktop/src-tauri/target/release/bundle/macos/cc-bridge.app/Contents/MacOS/cc-bridge-desktop
2026-08-04T06:24:43.9646920Z   APP_PID: 4898
2026-08-04T06:24:43.9647130Z ##[endgroup]
2026-08-04T06:24:47.8842720Z OK clicked: 跳过引导
2026-08-04T06:24:51.9819560Z ##[group]跳过引导后的主界面
2026-08-04T06:24:56.7704610Z 元素总数=118
2026-08-04T06:24:56.7806270Z AXStaticText | CC Bridge
2026-08-04T06:24:56.7908480Z AXButton | v2.3.20
2026-08-04T06:24:56.8011850Z AXStaticText | 已连接
2026-08-04T06:24:56.8113410Z AXButton | 停止服务
2026-08-04T06:24:56.8214990Z AXButton | 切换深色
2026-08-04T06:24:56.8316240Z AXButton | 最小化
2026-08-04T06:24:56.8417750Z AXButton | 最大化
2026-08-04T06:24:56.8522200Z AXButton | 关闭窗口
2026-08-04T06:24:56.8623720Z AXButton | 连接
2026-08-04T06:24:56.8724110Z AXButton | 安全
2026-08-04T06:24:56.8825340Z AXButton | 设置
2026-08-04T06:24:56.8927100Z AXButton | 日志
2026-08-04T06:24:56.9028730Z AXButton | 关闭提示
2026-08-04T06:24:56.9130910Z AXStaticText | 检测到网络地址变化
2026-08-04T06:24:56.9234630Z AXStaticText | 之前使用的 
2026-08-04T06:24:56.9337150Z AXStaticText | 192.168.64.16
2026-08-04T06:24:56.9440400Z AXStaticText |  已不在本机网卡列表中（大概率是 网络重新连接后分配了新地址）。请在下方「选择远程服务器能连回本机的地址」中选中新地址，连接命令会自动更新，复制后到远程服务器执行即可原地更新 IP（无需重新授权）。
2026-08-04T06:24:56.9541500Z AXStaticText |  秒后自动收起为细条 · 点细条可重新展开 · 点 × 可忽略
2026-08-04T06:24:56.9642270Z AXStaticText | 已选中新地址，复制以下命令到远程服务器执行（原地更新 IP，不会重新授权）：
2026-08-04T06:24:56.9696250Z AXStaticText | 项目（.mcp.json）
2026-08-04T06:24:56.9720590Z AXStaticText | $
2026-08-04T06:24:56.9722270Z AXStaticText | sed -i 's#http://[0-9.]*:7823/mcp#http://192.168.64.16:7823/mcp#g' .mcp.json
2026-08-04T06:24:56.9723240Z AXButton | 复制
2026-08-04T06:24:56.9723770Z AXStaticText | 服务运行中
2026-08-04T06:24:56.9724160Z AXStaticText | 192.168.64.16
2026-08-04T06:24:56.9724660Z AXStaticText |  : 
2026-08-04T06:24:56.9725040Z AXStaticText | 7823
2026-08-04T06:24:56.9725460Z AXStaticText | 服务健康度 · 实时成功率
2026-08-04T06:24:56.9725780Z AXStaticText | 100.0%
2026-08-04T06:24:56.9726230Z AXStaticText | 累计
2026-08-04T06:24:56.9726590Z AXStaticText | 优
2026-08-04T06:24:56.9726950Z AXStaticText | 运行正常
2026-08-04T06:24:56.9727510Z AXStaticText | 0/min
2026-08-04T06:24:56.9727870Z AXStaticText | 请求速率
2026-08-04T06:24:56.9728210Z AXStaticText | 0ms
2026-08-04T06:24:56.9728650Z AXStaticText | 平均耗时
2026-08-04T06:24:56.9729970Z AXStaticText | 0ms
2026-08-04T06:24:56.9730490Z AXStaticText | 慢请求 P95
2026-08-04T06:24:56.9730820Z AXStaticText | 95% 请求快于此
2026-08-04T06:24:56.9731550Z AXStaticText | 运行时间
2026-08-04T06:24:56.9732060Z AXStaticText | 0
2026-08-04T06:24:56.9732420Z AXStaticText | 累计请求
2026-08-04T06:24:56.9732760Z AXStaticText | 0
2026-08-04T06:24:56.9733180Z AXStaticText | 错误次数
2026-08-04T06:24:56.9733490Z AXStaticText | 限流命中
2026-08-04T06:24:56.9733880Z AXStaticText | 0
2026-08-04T06:24:56.9734280Z AXStaticText | 越权拒绝
2026-08-04T06:24:56.9734640Z AXStaticText | 0
2026-08-04T06:24:56.9734970Z AXStaticText | 审计
2026-08-04T06:24:56.9735440Z AXStaticText | 0 条
2026-08-04T06:24:56.9735790Z AXStaticText | 活跃命令
2026-08-04T06:24:56.9736210Z AXStaticText | 0
2026-08-04T06:24:56.9736570Z AXStaticText | 暂无调用
2026-08-04T06:24:56.9737060Z AXStaticText | 正在监听，远程可连接
2026-08-04T06:24:56.9737400Z AXButton | 停止服务
2026-08-04T06:24:56.9738070Z AXStaticText | 接入 Claude Code
2026-08-04T06:24:56.9738650Z AXStaticText | 选择远程服务器能连回本机的地址
2026-08-04T06:24:56.9739390Z AXStaticText |  通过 
2026-08-04T06:24:56.9739840Z AXStaticText | VPN
2026-08-04T06:24:56.9740470Z AXStaticText |  连服务器 → 选 VPN 网段（多为 10.x）；
2026-08-04T06:24:56.9740990Z AXStaticText | 内网直连
2026-08-04T06:24:56.9742040Z AXStaticText |  → 选内网 IP（192.168.x / 172.x）。 拿不准就逐个试，或用下方命令在服务器上验证哪个通。
2026-08-04T06:24:56.9742920Z AXButton | 刷新地址
2026-08-04T06:24:56.9743450Z AXButton | 192.168.64.16 默认 家用/办公内网
2026-08-04T06:24:56.9744350Z AXStaticText | 在服务器上执行以下命令验证连通（返回 
2026-08-04T06:24:56.9744780Z AXStaticText | {
2026-08-04T06:24:56.9745440Z AXStaticText | "status":"ok"
2026-08-04T06:24:56.9745830Z AXStaticText | }
2026-08-04T06:24:56.9746530Z AXStaticText |  即可用该 IP）：
2026-08-04T06:24:56.9747230Z AXStaticText | curl http://192.168.64.16:7823/health
2026-08-04T06:24:56.9747750Z AXButton | 复制
2026-08-04T06:24:56.9748480Z AXButton | 接入模式 项目级 · 仅指定项目生效
2026-08-04T06:24:56.9749080Z AXButton | 接入步骤 HTTP 点击展开查看连接命令
2026-08-04T06:24:56.9749610Z AXButton | 访问令牌 访问令牌 已配置 · 点击展开管理（显示 / 重生成）
2026-08-04T06:24:56.9750210Z AXButton | 权限自动授权 点击展开查看授权命令
2026-08-04T06:24:56.9751280Z ##[endgroup]
2026-08-04T06:24:57.4045370Z OK clicked: 设置
2026-08-04T06:25:01.4593920Z ##[group]设置页（找检查更新 / 关于卡片）
2026-08-04T06:25:07.8623810Z 元素总数=154
2026-08-04T06:25:07.8726730Z AXStaticText | CC Bridge
2026-08-04T06:25:07.8830010Z AXButton | v2.3.20
2026-08-04T06:25:07.8931940Z AXStaticText | 已连接
2026-08-04T06:25:07.9034290Z AXButton | 停止服务
2026-08-04T06:25:07.9136130Z AXButton | 切换深色
2026-08-04T06:25:07.9238490Z AXButton | 最小化
2026-08-04T06:25:07.9339470Z AXButton | 最大化
2026-08-04T06:25:07.9440920Z AXButton | 关闭窗口
2026-08-04T06:25:07.9577660Z AXButton | 连接
2026-08-04T06:25:07.9704980Z AXButton | 安全
2026-08-04T06:25:07.9807090Z AXButton | 设置
2026-08-04T06:25:07.9907880Z AXButton | 日志
2026-08-04T06:25:08.0008840Z AXButton | 关于 CC Bridge v2.3.20
2026-08-04T06:25:08.0111390Z 重试
2026-08-04T06:25:08.0214760Z AXStaticText | 网络
2026-08-04T06:25:08.0330010Z AXStaticText | 端口
2026-08-04T06:25:08.0498250Z AXButton | 保存
2026-08-04T06:25:08.0619300Z AXStaticText | 无更改
2026-08-04T06:25:08.0727730Z AXStaticText | 修改端口将重启服务
2026-08-04T06:25:08.0830360Z AXStaticText | ，已连接的客户端会短暂断开。
2026-08-04T06:25:08.0933220Z AXStaticText | 功能开关
2026-08-04T06:25:08.1036810Z AXStaticText | 所有安全开关处于推荐状态
2026-08-04T06:25:08.1138760Z AXStaticText | 安全
2026-08-04T06:25:08.1244330Z AXStaticText | 路径白名单校验
2026-08-04T06:25:08.1247610Z AXStaticText | 仅允许访问白名单根目录内的文件（强烈建议保持开启）
2026-08-04T06:25:08.1350300Z AXCheckBox | 路径白名单校验
2026-08-04T06:25:08.1452560Z AXStaticText | 只读模式
2026-08-04T06:25:08.1555480Z AXStaticText | 开启后禁止写入 / 删除 / 移动 / 复制，仅允许读取、列目录、搜索
2026-08-04T06:25:08.1658400Z AXCheckBox | 只读模式
2026-08-04T06:25:08.1761240Z AXStaticText | 命令执行
2026-08-04T06:25:08.1863710Z AXStaticText | 允许远程执行 Shell 命令（run_command）。默认关闭，强烈建议仅临时开启
2026-08-04T06:25:08.1966150Z AXCheckBox | 命令执行
2026-08-04T06:25:08.2052750Z AXStaticText | 数据保护
2026-08-04T06:25:08.2157320Z AXStaticText | 审计日志
2026-08-04T06:25:08.2280160Z AXStaticText | 记录每次工具调用到日志页；关闭后停止记录
2026-08-04T06:25:08.2392700Z AXCheckBox | 审计日志
2026-08-04T06:25:08.2505590Z AXStaticText | 写操作自动备份
2026-08-04T06:25:08.2607420Z AXStaticText | 写入 / 删除前先备份到备份目录；关闭可节省磁盘
2026-08-04T06:25:08.2734780Z AXCheckBox | 写操作自动备份
2026-08-04T06:25:08.2835720Z AXStaticText | 兼容与性能
2026-08-04T06:25:08.2937380Z AXStaticText | 关窗时释放界面内存
2026-08-04T06:25:08.3040730Z AXStaticText | 开启：关窗时销毁界面进程，托盘常驻内存约 85MB → 6MB，再次打开需重新加载（1~2 秒）；关闭：仅隐藏窗口，再次打开瞬时显示，但界面进程持续占用内存。MCP 服务、托盘与桌面通知均不受影响。默认开启
2026-08-04T06:25:08.3142030Z AXCheckBox | 关窗时释放界面内存
2026-08-04T06:25:08.3243150Z AXStaticText | 限流保护
2026-08-04T06:25:08.3351930Z AXStaticText | 按窗口限制请求次数，防止异常高频调用
2026-08-04T06:25:08.3453800Z AXCheckBox | 限流保护
2026-08-04T06:25:08.3554760Z AXStaticText | 读取编码自适应
2026-08-04T06:25:08.3638230Z AXStaticText | 开启：自动识别 GBK/GB18030（适合 NC65 等旧系统源码）；关闭：固定按 UTF-8 读取，避免误判。显式指定编码不受影响
2026-08-04T06:25:08.3677570Z AXCheckBox | 读取编码自适应
2026-08-04T06:25:08.3780140Z AXStaticText | 命令会话持久化
2026-08-04T06:25:08.3884000Z AXStaticText | 开启后 run_command 可用 session_id 跨调用保留工作目录，并通过 env 参数（key=value）持久化环境变量（如 venv / PATH），解决 source venv / export 每调用丢失的问题。默认关闭
2026-08-04T06:25:08.3987470Z AXCheckBox | 命令会话持久化
2026-08-04T06:25:08.4092830Z AXStaticText | 命令执行壳层
2026-08-04T06:25:08.4196710Z AXStaticText | 默认 
2026-08-04T06:25:08.4299600Z AXStaticText | cmd
2026-08-04T06:25:08.4404230Z AXStaticText | （零依赖）；选 
2026-08-04T06:25:08.4505870Z AXStaticText | bash
2026-08-04T06:25:08.4608190Z AXStaticText |  走 Git Bash，支持 POSIX 语法 / jq / find / 管道。需本机已装 Git for Windows；切换即时生效，无需重启。
2026-08-04T06:25:08.4711670Z AXButton | cmd
2026-08-04T06:25:08.4813860Z AXButton | bash
2026-08-04T06:25:08.4916510Z AXStaticText | MCP 传输协议
2026-08-04T06:25:08.5021370Z AXStaticText | 默认 
2026-08-04T06:25:08.5123020Z AXStaticText | HTTP
2026-08-04T06:25:08.5182570Z AXStaticText | （JSON-RPC，稳定兼容）；选 
2026-08-04T06:25:08.5230310Z AXStaticText | SSE
2026-08-04T06:25:08.5312320Z AXStaticText |  后 run_command 输出实时推送。 切换后需到远端替换连接命令。
2026-08-04T06:25:08.5328660Z AXButton | HTTP
2026-08-04T06:25:08.5375460Z AXButton | SSE
2026-08-04T06:25:08.5394000Z AXStaticText | 通知
2026-08-04T06:25:08.5405550Z AXStaticText | NEW
2026-08-04T06:25:08.5428720Z AXStaticText | 后台命令完成通知
2026-08-04T06:25:08.5438640Z AXStaticText | 后台命令（background=true）执行完毕后自动弹出 Windows toast，告知命令已结束及退出码。默认开启
2026-08-04T06:25:08.5449550Z AXCheckBox | 后台命令完成通知
2026-08-04T06:25:08.5459970Z AXStaticText | 任务完成通知
2026-08-04T06:25:08.5494570Z AXStaticText | AI 完成任务后可主动调用 push_notification 工具推送桌面通知。关闭后 AI 的推送请求会被静默忽略。默认开启
2026-08-04T06:25:08.5515260Z AXCheckBox | 任务完成通知
2026-08-04T06:25:08.5583170Z AXButton | 重置功能开关为默认
2026-08-04T06:25:08.5587640Z AXStaticText | 应用
2026-08-04T06:25:08.5588410Z AXStaticText | 开机自动启动
2026-08-04T06:25:08.5589240Z AXStaticText | 系统登录后自动在后台启动 CC Bridge，远程随时可连接。
2026-08-04T06:25:08.5589980Z AXCheckBox | 开机自动启动
2026-08-04T06:25:08.5592490Z AXStaticText | 安装与快捷方式
2026-08-04T06:25:08.5594280Z AXStaticText | 安装位置
2026-08-04T06:25:08.5597030Z AXStaticText | /Users/runner/work/cc-bridge/cc-bridge/desktop/src-tauri/target/release/bundle/macos/cc-bridge.app/Contents/MacOS
2026-08-04T06:25:08.5599610Z AXButton | 打开目录
2026-08-04T06:25:08.5600780Z AXStaticText | 桌面快捷方式
2026-08-04T06:25:08.5603490Z AXStaticText | 误删桌面图标后可一键重建，已存在则覆盖。
2026-08-04T06:25:08.5605350Z AXButton | 创建到桌面
2026-08-04T06:25:08.5606850Z AXStaticText | 使用引导
2026-08-04T06:25:08.5607490Z AXStaticText | 重新查看首次接入的分步引导。
2026-08-04T06:25:08.5608050Z AXButton | 重新查看
2026-08-04T06:25:08.5609250Z ##[endgroup]
2026-08-04T06:25:08.5705970Z ##[group]Run set +e
2026-08-04T06:25:08.5708220Z [36;1mset +e[0m
2026-08-04T06:25:08.5708710Z [36;1mmkdir -p "$RUNNER_TEMP/shots"[0m
2026-08-04T06:25:08.5709590Z [36;1mscreencapture -x "$RUNNER_TEMP/shots/01-full.png"; echo "full exit=$?"[0m
2026-08-04T06:25:08.5713330Z [36;1m# 单截顶部菜单栏，方便看模板图标（icon_as_template）在菜单栏里的实际观感[0m
2026-08-04T06:25:08.5714510Z [36;1mscreencapture -x -R 0,0,2400,44 "$RUNNER_TEMP/shots/02-menubar.png"; echo "menubar exit=$?"[0m
2026-08-04T06:25:08.5715140Z [36;1mls -l "$RUNNER_TEMP/shots"[0m
2026-08-04T06:25:08.5903880Z shell: /bin/bash -e {0}
2026-08-04T06:25:08.5904230Z env:
2026-08-04T06:25:08.5904490Z   SCCACHE_GHA_ENABLED: true
2026-08-04T06:25:08.5904780Z   RUSTC_WRAPPER: sccache
2026-08-04T06:25:08.5905020Z   CARGO_HOME: /Users/runner/.cargo
2026-08-04T06:25:08.5905330Z   CARGO_INCREMENTAL: 0
2026-08-04T06:25:08.5905670Z   CARGO_TERM_COLOR: always
2026-08-04T06:25:08.5906090Z   SCCACHE_PATH: /Users/runner/hostedtoolcache/sccache/0.17.0/arm64/sccache
2026-08-04T06:25:08.5906570Z   ACTIONS_CACHE_SERVICE_V2: on
2026-08-04T06:25:08.5906990Z   ACTIONS_RESULTS_URL: https://results-receiver.actions.githubusercontent.com/
2026-08-04T06:25:08.5951480Z   ACTIONS_RUNTIME_TOKEN: ***
2026-08-04T06:25:08.5951740Z   CACHE_ON_FAILURE: false
2026-08-04T06:25:08.5952050Z   TAURI_SIGNING_PRIVATE_KEY: /Users/runner/work/_temp/smoke.key
2026-08-04T06:25:08.5952470Z   TAURI_SIGNING_PRIVATE_KEY_PASSWORD: 
2026-08-04T06:25:08.5953100Z   APP_BIN: /Users/runner/work/cc-bridge/cc-bridge/desktop/src-tauri/target/release/bundle/macos/cc-bridge.app/Contents/MacOS/cc-bridge-desktop
2026-08-04T06:25:08.5953690Z   APP_PID: 4898
2026-08-04T06:25:08.5953900Z ##[endgroup]
2026-08-04T06:25:08.8814780Z full exit=0
2026-08-04T06:25:08.9507970Z menubar exit=0
2026-08-04T06:25:08.9594970Z total 920
2026-08-04T06:25:08.9606610Z -rw-r--r--@ 1 runner  staff  224834 Aug  4 06:25 01-full.png
2026-08-04T06:25:08.9607630Z -rw-r--r--@ 1 runner  staff   18466 Aug  4 06:25 02-menubar.png
2026-08-04T06:25:08.9609590Z -rw-r--r--@ 1 runner  staff  224916 Aug  4 06:25 07-settings.png
2026-08-04T06:25:08.9646340Z ##[group]Run set +e
2026-08-04T06:25:08.9646700Z [36;1mset +e[0m
2026-08-04T06:25:08.9647570Z [36;1mwins() { osascript -e "tell application \"System Events\" to tell (first process whose unix id is $APP_PID) to return count of windows" 2>&1; }[0m
2026-08-04T06:25:08.9648290Z [36;1mrss() { ps -o rss= -p "$APP_PID" | tr -d ' '; }[0m
2026-08-04T06:25:08.9648600Z [36;1mmkdir -p "$RUNNER_TEMP/shots"[0m
2026-08-04T06:25:08.9648850Z [36;1m# 先清掉可能又弹出来的系统模态框，否则下面的按键/点击全发给它了[0m
2026-08-04T06:25:08.9649140Z [36;1mbash .github/scripts/mac-dismiss-dialogs.sh[0m
2026-08-04T06:25:08.9649610Z [36;1mweb() { ps ax -o pid,rss,comm | grep -i WebContent | grep -v grep | awk '{print $1":"$2"KB"}' | tr '\n' ' '; }[0m
2026-08-04T06:25:08.9650070Z [36;1mecho "关窗前：窗口数=$(wins) RSS=$(rss)KB WebContent=[$(web)]"[0m
2026-08-04T06:25:08.9650770Z [36;1mosascript -e "tell application \"System Events\" to set frontmost of (first process whose unix id is $APP_PID) to true" 2>&1[0m
2026-08-04T06:25:08.9651750Z [36;1msleep 2[0m
2026-08-04T06:25:08.9652030Z [36;1m# 优先走**产品真实路径**：点自绘标题栏里那个关闭按钮（AX 名称就叫「关闭窗口」）。[0m
2026-08-04T06:25:08.9652430Z [36;1m# 它走前端 close() → CloseRequested → release_webview_on_close 分支，[0m
2026-08-04T06:25:08.9652870Z [36;1m# 而不是 AppKit 那个对无关闭按钮窗口空转的 performClose:（见清单 N15）。[0m
2026-08-04T06:25:08.9653240Z [36;1mbash .github/scripts/mac-ax-click.sh "$APP_PID" "关闭窗口"[0m
2026-08-04T06:25:08.9653540Z [36;1msleep 10[0m
2026-08-04T06:25:08.9653800Z [36;1mecho "点自绘关闭按钮后：窗口数=$(wins) RSS=$(rss)KB WebContent=[$(web)]"[0m
2026-08-04T06:25:08.9654160Z [36;1m# 仅当 AX 点自绘按钮没关掉窗口时，才回去试 AppKit 那两条路做对照。[0m
2026-08-04T06:25:08.9654510Z [36;1mif [ "$(wins)" = "1" ]; then[0m
2026-08-04T06:25:08.9654840Z [36;1mecho "—— 自绘按钮未关掉窗口，回去试 AppKit 路径作对照 ——"[0m
2026-08-04T06:25:08.9655150Z [36;1m# 先把 Window 菜单里有什么打出来：如果根本没有 Close Window，[0m
2026-08-04T06:25:08.9655420Z [36;1m# 那 Cmd+W 本身就不存在，验证得换另一条路——这个信息必需先确认。[0m
2026-08-04T06:25:08.9656670Z [36;1mecho "Window 菜单项：$(osascript -e "tell application \"System Events\" to tell (first process whose unix id is $APP_PID) to return name of every menu item of menu 1 of menu bar item \"Window\" of menu bar 1" 2>&1)"[0m
2026-08-04T06:25:08.9657410Z [36;1m# 点菜单项比发按键可靠：不依赖键盘焦点落在哪里。上一轮就是因为 TCC[0m
2026-08-04T06:25:08.9657740Z [36;1m# 模态框抢了焦点，Cmd+W 根本没递到应用，得出了「关窗未生效」的假结论。[0m
2026-08-04T06:25:08.9658400Z [36;1mosascript -e "tell application \"System Events\" to tell (first process whose unix id is $APP_PID) to click menu item \"Close Window\" of menu 1 of menu bar item \"Window\" of menu bar 1" 2>&1[0m
2026-08-04T06:25:08.9659090Z [36;1mecho "点 Close Window 菜单项 exit=$?"[0m
2026-08-04T06:25:08.9659340Z [36;1msleep 8[0m
2026-08-04T06:25:08.9659570Z [36;1mif [ "$(wins)" = "1" ]; then[0m
2026-08-04T06:25:08.9659840Z [36;1m  echo "菜单项路径看上去没生效，再补一次真实按键 Cmd+W 作为对照"[0m
2026-08-04T06:25:08.9660240Z [36;1m  osascript -e 'tell application "System Events" to keystroke "w" using command down' 2>&1[0m
2026-08-04T06:25:08.9660710Z [36;1m  echo "Cmd+W 按键 exit=$?"[0m
2026-08-04T06:25:08.9660940Z [36;1m  sleep 8[0m
2026-08-04T06:25:08.9661150Z [36;1mfi[0m
2026-08-04T06:25:08.9661390Z [36;1mecho "菜单/按键路径后：窗口数=$(wins) RSS=$(rss)KB"[0m
2026-08-04T06:25:08.9661730Z [36;1melse[0m
2026-08-04T06:25:08.9661960Z [36;1m  echo "✅ AX 点自绘关闭按钮已把窗口关掉（窗口数已不再是 1），跳过 AppKit 对照"[0m
2026-08-04T06:25:08.9662320Z [36;1mfi[0m
2026-08-04T06:25:08.9662610Z [36;1m# 假设：窗口是 decorations:false（无标题栏），AppKit 的 performClose: 对「没有[0m
2026-08-04T06:25:08.9662970Z [36;1m# 关闭按钮的窗口」是 no-op（只响一声）——而 Close Window 菜单项与 Cmd+W 走的[0m
2026-08-04T06:25:08.9663320Z [36;1m# 就是 performClose:。先把窗口按钮列表打出来验证这个假设。[0m
2026-08-04T06:25:08.9664040Z [36;1mecho "窗口按钮列表：$(osascript -e "tell application \"System Events\" to tell (first process whose unix id is $APP_PID) to return name of every button of window 1" 2>&1)   # 空 = 无标题栏按钮，performClose: 就是空转"[0m
2026-08-04T06:25:08.9664810Z [36;1m# 不管 AppKit 那条路通不通，都要测**产品真实路径**：点托盘图标。[0m
2026-08-04T06:25:08.9665720Z [36;1m# 它走 on_tray_icon_event → w.close() → CloseRequested → 销毁 webview，[0m
2026-08-04T06:25:08.9666210Z [36;1m# 完全不经 AppKit 的关闭按钮逻辑。menu bar 2 就是状态栏。[0m
2026-08-04T06:25:08.9666500Z [36;1mif [ "$(wins)" = "1" ]; then[0m
2026-08-04T06:25:08.9666770Z [36;1m  echo "改走产品真实路径：点菜单栏托盘图标（→ w.close()）"[0m
2026-08-04T06:25:08.9667320Z [36;1m  osascript -e "tell application \"System Events\" to tell (first process whose unix id is $APP_PID) to click menu bar item 1 of menu bar 2" 2>&1[0m
2026-08-04T06:25:08.9667900Z [36;1m  echo "点托盘 exit=$?"[0m
2026-08-04T06:25:08.9668110Z [36;1m  sleep 10[0m
2026-08-04T06:25:08.9668360Z [36;1mfi[0m
2026-08-04T06:25:08.9668600Z [36;1mecho "关窗后：窗口数=$(wins) RSS=$(rss)KB"[0m
2026-08-04T06:25:08.9668960Z [36;1m# 关键口径：mac 的 webview 跑在独立的 WebContent 进程里，主进程 RSS 看不出销毁。[0m
2026-08-04T06:25:08.9669260Z [36;1m# 销毁成功的硬标志是这个进程**消失**——也就是清单 N8 要的那个数字。[0m
2026-08-04T06:25:08.9669530Z [36;1mecho "关窗后 WebContent 进程（空 = 已销毁）："[0m
2026-08-04T06:25:08.9670190Z [36;1mps ax -o pid,rss,comm | grep -i -e WebContent -e cc-bridge | grep -v grep[0m
2026-08-04T06:25:08.9670560Z [36;1mif kill -0 "$APP_PID" 2>/dev/null; then[0m
2026-08-04T06:25:08.9670900Z [36;1m  echo "✅ 关窗后进程仍存活 —— ExitRequested{code:None} 拦截在 mac 上也生效，服务没被带走"[0m
2026-08-04T06:25:08.9671290Z [36;1melse[0m
2026-08-04T06:25:08.9671510Z [36;1m  echo "❌ 关窗把整个应用带退了 —— mac 上拦截失效，MCP 服务会断，这是阻塞缺陷"[0m
2026-08-04T06:25:08.9671810Z [36;1mfi[0m
2026-08-04T06:25:08.9672290Z [36;1mecho "关窗后 /health 仍否存活：$(curl -s -o /dev/null -w '%{http_code}' --max-time 3 http://127.0.0.1:7823/health)"[0m
2026-08-04T06:25:08.9672890Z [36;1mscreencapture -x "$RUNNER_TEMP/shots/04-after-close.png" 2>/dev/null[0m
2026-08-04T06:25:08.9709810Z shell: /bin/bash -e {0}
2026-08-04T06:25:08.9710210Z env:
2026-08-04T06:25:08.9710460Z   SCCACHE_GHA_ENABLED: true
2026-08-04T06:25:08.9710740Z   RUSTC_WRAPPER: sccache
2026-08-04T06:25:08.9710990Z   CARGO_HOME: /Users/runner/.cargo
2026-08-04T06:25:08.9711280Z   CARGO_INCREMENTAL: 0
2026-08-04T06:25:08.9711540Z   CARGO_TERM_COLOR: always
2026-08-04T06:25:08.9711890Z   SCCACHE_PATH: /Users/runner/hostedtoolcache/sccache/0.17.0/arm64/sccache
2026-08-04T06:25:08.9712250Z   ACTIONS_CACHE_SERVICE_V2: on
2026-08-04T06:25:08.9712670Z   ACTIONS_RESULTS_URL: https://results-receiver.actions.githubusercontent.com/
2026-08-04T06:25:08.9757150Z   ACTIONS_RUNTIME_TOKEN: ***
2026-08-04T06:25:08.9757550Z   CACHE_ON_FAILURE: false
2026-08-04T06:25:08.9757870Z   TAURI_SIGNING_PRIVATE_KEY: /Users/runner/work/_temp/smoke.key
2026-08-04T06:25:08.9758170Z   TAURI_SIGNING_PRIVATE_KEY_PASSWORD: 
2026-08-04T06:25:08.9758820Z   APP_BIN: /Users/runner/work/cc-bridge/cc-bridge/desktop/src-tauri/target/release/bundle/macos/cc-bridge.app/Contents/MacOS/cc-bridge-desktop
2026-08-04T06:25:08.9759380Z   APP_PID: 4898
2026-08-04T06:25:08.9759560Z ##[endgroup]
2026-08-04T06:25:11.3105840Z clicked: UserNotificationCenter -> Allow
2026-08-04T06:25:11.3233100Z dismiss exit=0
2026-08-04T06:25:11.5371580Z 关窗前：窗口数=1 RSS=102368KB WebContent=[4908:123328KB ]
2026-08-04T06:25:14.3356980Z OK clicked: 关闭窗口
2026-08-04T06:25:24.5973600Z 点自绘关闭按钮后：窗口数=0 RSS=102400KB WebContent=[4908:123664KB ]
2026-08-04T06:25:24.7201430Z ✅ AX 点自绘关闭按钮已把窗口关掉（窗口数已不再是 1），跳过 AppKit 对照
2026-08-04T06:25:24.8377210Z 窗口按钮列表：89:93: execution error: System Events got an error: Can’t get window 1 of process 1 whose unix id = 4898. Invalid index. (-1719)   # 空 = 无标题栏按钮，performClose: 就是空转
2026-08-04T06:25:25.1447810Z 关窗后：窗口数=0 RSS=102400KB
2026-08-04T06:25:25.1550810Z 关窗后 WebContent 进程（空 = 已销毁）：
2026-08-04T06:25:25.1742400Z  4898 102400 /Users/runner/work/cc-bridge/cc-bridge/desktop/src-tauri/target/release/bundle/macos/cc-bridge.app/Contents/MacOS/cc-bridge-desktop
2026-08-04T06:25:25.1758630Z  4908 123664 /System/Library/Frameworks/WebKit.framework/Versions/A/XPCServices/com.apple.WebKit.WebContent.xpc/Contents/MacOS/com.apple.WebKit.WebContent
2026-08-04T06:25:25.1776260Z ✅ 关窗后进程仍存活 —— ExitRequested{code:None} 拦截在 mac 上也生效，服务没被带走
2026-08-04T06:25:25.1947020Z 关窗后 /health 仍否存活：200
2026-08-04T06:25:25.3876730Z ##[group]Run set +e
2026-08-04T06:25:25.3877300Z [36;1mset +e[0m
2026-08-04T06:25:25.3877670Z [36;1mDIR="$HOME/Library/Application Support/com.ccbridge.desktop"[0m
2026-08-04T06:25:25.3878050Z [36;1mecho "::group::应用数据目录（验证 mac 路径解析正确）"[0m
2026-08-04T06:25:25.3878400Z [36;1mls -l "$DIR" 2>&1[0m
2026-08-04T06:25:25.3878770Z [36;1mecho "::endgroup::"[0m
2026-08-04T06:25:25.3879310Z [36;1m# config 表是 key/value，value 为 JSON 字符串，故要剥掉引号[0m
2026-08-04T06:25:25.3879970Z [36;1mTOKEN=$(sqlite3 "$DIR/cc-bridge.db" "select value from config where key='token';" 2>&1 | tr -d '"')[0m
2026-08-04T06:25:25.3880650Z [36;1mecho "token 长度=${#TOKEN}"[0m
2026-08-04T06:25:25.3880980Z [36;1mcurl -sS -X POST http://127.0.0.1:7823/mcp \[0m
2026-08-04T06:25:25.3881890Z [36;1m  -H "Authorization: ***" \[0m
2026-08-04T06:25:25.3882380Z [36;1m  -H 'Content-Type: application/json' \[0m
2026-08-04T06:25:25.3883480Z [36;1m  -d '{"jsonrpc":"2.0","id":1,"method":"tools/call","params":{"name":"push_notification","arguments":{"title":"CI 烟测","body":"mac 通知链路验证"}}}' 2>&1 | head -c 2000[0m
2026-08-04T06:25:25.3884610Z [36;1mecho[0m
2026-08-04T06:25:25.3884950Z [36;1msleep 3[0m
2026-08-04T06:25:25.3885400Z [36;1mscreencapture -x "$RUNNER_TEMP/shots/03-notification.png"; echo "shot exit=$?"[0m
2026-08-04T06:25:25.4012670Z shell: /bin/bash -e {0}
2026-08-04T06:25:25.4013490Z env:
2026-08-04T06:25:25.4015150Z   SCCACHE_GHA_ENABLED: true
2026-08-04T06:25:25.4015690Z   RUSTC_WRAPPER: sccache
2026-08-04T06:25:25.4016340Z   CARGO_HOME: /Users/runner/.cargo
2026-08-04T06:25:25.4017810Z   CARGO_INCREMENTAL: 0
2026-08-04T06:25:25.4018380Z   CARGO_TERM_COLOR: always
2026-08-04T06:25:25.4019600Z   SCCACHE_PATH: /Users/runner/hostedtoolcache/sccache/0.17.0/arm64/sccache
2026-08-04T06:25:25.4020540Z   ACTIONS_CACHE_SERVICE_V2: on
2026-08-04T06:25:25.4022090Z   ACTIONS_RESULTS_URL: https://results-receiver.actions.githubusercontent.com/
2026-08-04T06:25:25.4106490Z   ACTIONS_RUNTIME_TOKEN: ***
2026-08-04T06:25:25.4107350Z   CACHE_ON_FAILURE: false
2026-08-04T06:25:25.4107750Z   TAURI_SIGNING_PRIVATE_KEY: /Users/runner/work/_temp/smoke.key
2026-08-04T06:25:25.4108110Z   TAURI_SIGNING_PRIVATE_KEY_PASSWORD: 
2026-08-04T06:25:25.4108750Z   APP_BIN: /Users/runner/work/cc-bridge/cc-bridge/desktop/src-tauri/target/release/bundle/macos/cc-bridge.app/Contents/MacOS/cc-bridge-desktop
2026-08-04T06:25:25.4109860Z   APP_PID: 4898
2026-08-04T06:25:25.4110130Z ##[endgroup]
2026-08-04T06:25:25.4957520Z ##[group]应用数据目录（验证 mac 路径解析正确）
2026-08-04T06:25:25.5040100Z total 160
2026-08-04T06:25:25.5041590Z -rw-r--r--  1 runner  staff   4096 Aug  4 06:24 cc-bridge.db
2026-08-04T06:25:25.5044750Z -rw-r--r--  1 runner  staff  32768 Aug  4 06:24 cc-bridge.db-shm
2026-08-04T06:25:25.5047430Z -rw-r--r--  1 runner  staff  41232 Aug  4 06:24 cc-bridge.db-wal
2026-08-04T06:25:25.5050900Z ##[endgroup]
2026-08-04T06:25:25.8494020Z token 长度=32
2026-08-04T06:25:25.8686800Z {"id":1,"jsonrpc":"2.0","result":{"pushed":true}}
2026-08-04T06:25:29.2305230Z shot exit=0
2026-08-04T06:25:29.2421370Z ##[group]Run set +e
2026-08-04T06:25:29.2421660Z [36;1mset +e[0m
2026-08-04T06:25:29.2422010Z [36;1mbash .github/scripts/mac-dismiss-dialogs.sh[0m
2026-08-04T06:25:29.2422410Z [36;1mecho "退出前存活检查：$(kill -0 "$APP_PID" 2>/dev/null && echo alive || echo dead)"[0m
2026-08-04T06:25:29.2422780Z [36;1m# 先发真实按键 Cmd+Q（完全走用户那条路径）。前面已关窗，此时应用只剩托盘，[0m
2026-08-04T06:25:29.2423040Z [36;1m# 先把它拉到前台才接得到按键。[0m
2026-08-04T06:25:29.2423610Z [36;1mosascript -e "tell application \"System Events\" to set frontmost of (first process whose unix id is $APP_PID) to true" 2>&1[0m
2026-08-04T06:25:29.2436100Z [36;1msleep 2[0m
2026-08-04T06:25:29.2436570Z [36;1mosascript -e 'tell application "System Events" to keystroke "q" using command down' 2>&1[0m
2026-08-04T06:25:29.2437100Z [36;1mecho "Cmd+Q 真实按键 exit=$?"[0m
2026-08-04T06:25:29.2437400Z [36;1msleep 6[0m
2026-08-04T06:25:29.2437620Z [36;1mif kill -0 "$APP_PID" 2>/dev/null; then[0m
2026-08-04T06:25:29.2438440Z [36;1m  echo "⚠ Cmd+Q 后进程仍存活，再试 Apple Event quit 区分是「按键没递到」还是「真的拦住了」"[0m
2026-08-04T06:25:29.2438850Z [36;1m  osascript -e 'tell application "cc-bridge" to quit' 2>&1[0m
2026-08-04T06:25:29.2439250Z [36;1m  echo "Apple Event quit exit=$?"[0m
2026-08-04T06:25:29.2439660Z [36;1m  sleep 6[0m
2026-08-04T06:25:29.2439880Z [36;1m  if kill -0 "$APP_PID" 2>/dev/null; then[0m
2026-08-04T06:25:29.2440320Z [36;1m    echo "⚠⚠ 两种退出都没用 —— ExitRequested 拦截很可能误伤了用户主动退出，得改"[0m
2026-08-04T06:25:29.2440750Z [36;1m  else[0m
2026-08-04T06:25:29.2441110Z [36;1m    echo "✅ Apple Event quit 生效 —— 拦截未误伤退出；上一步失败只是按键未递到"[0m
2026-08-04T06:25:29.2441450Z [36;1m  fi[0m
2026-08-04T06:25:29.2441780Z [36;1melse[0m
2026-08-04T06:25:29.2442030Z [36;1m  echo "✅ Cmd+Q 后进程已退出 —— 用户主动退出未被 ExitRequested{code:None} 拦截误伤"[0m
2026-08-04T06:25:29.2442320Z [36;1mfi[0m
2026-08-04T06:25:29.2563940Z shell: /bin/bash -e {0}
2026-08-04T06:25:29.2564520Z env:
2026-08-04T06:25:29.2565260Z   SCCACHE_GHA_ENABLED: true
2026-08-04T06:25:29.2566490Z   RUSTC_WRAPPER: sccache
2026-08-04T06:25:29.2567090Z   CARGO_HOME: /Users/runner/.cargo
2026-08-04T06:25:29.2567880Z   CARGO_INCREMENTAL: 0
2026-08-04T06:25:29.2569320Z   CARGO_TERM_COLOR: always
2026-08-04T06:25:29.2570880Z   SCCACHE_PATH: /Users/runner/hostedtoolcache/sccache/0.17.0/arm64/sccache
2026-08-04T06:25:29.2571870Z   ACTIONS_CACHE_SERVICE_V2: on
2026-08-04T06:25:29.2574090Z   ACTIONS_RESULTS_URL: https://results-receiver.actions.githubusercontent.com/
2026-08-04T06:25:29.2645340Z   ACTIONS_RUNTIME_TOKEN: ***
2026-08-04T06:25:29.2645780Z   CACHE_ON_FAILURE: false
2026-08-04T06:25:29.2646140Z   TAURI_SIGNING_PRIVATE_KEY: /Users/runner/work/_temp/smoke.key
2026-08-04T06:25:29.2646610Z   TAURI_SIGNING_PRIVATE_KEY_PASSWORD: 
2026-08-04T06:25:29.2647270Z   APP_BIN: /Users/runner/work/cc-bridge/cc-bridge/desktop/src-tauri/target/release/bundle/macos/cc-bridge.app/Contents/MacOS/cc-bridge-desktop
2026-08-04T06:25:29.2647840Z   APP_PID: 4898
2026-08-04T06:25:29.2648210Z ##[endgroup]
2026-08-04T06:25:31.6378960Z no dialog found
2026-08-04T06:25:31.6478960Z dismiss exit=0
2026-08-04T06:25:31.6580800Z 退出前存活检查：alive
2026-08-04T06:25:34.1932880Z Cmd+Q 真实按键 exit=0
2026-08-04T06:25:40.2640870Z ✅ Cmd+Q 后进程已退出 —— 用户主动退出未被 ExitRequested{code:None} 拦截误伤
2026-08-04T06:25:40.2745660Z ##[group]Run set +e
2026-08-04T06:25:40.2746250Z [36;1mset +e[0m
2026-08-04T06:25:40.2746620Z [36;1mpkill -f cc-bridge-desktop 2>/dev/null; sleep 3[0m
2026-08-04T06:25:40.2747040Z [36;1mQ="$RUNNER_TEMP/quarantined2/cc-bridge.app"[0m
2026-08-04T06:25:40.2747460Z [36;1mmkdir -p "$RUNNER_TEMP/quarantined2"[0m
2026-08-04T06:25:40.2747910Z [36;1mcp -R "$PWD/desktop/src-tauri/target/release/bundle/macos/cc-bridge.app" "$Q"[0m
2026-08-04T06:25:40.2748520Z [36;1mxattr -w com.apple.quarantine "0083;00000000;Safari;" "$Q"[0m
2026-08-04T06:25:40.2749000Z [36;1mmkdir -p "$RUNNER_TEMP/shots"[0m
2026-08-04T06:25:40.2749350Z [36;1mecho "::group::带隔离属性 open"[0m
2026-08-04T06:25:40.2750060Z [36;1m# 上一轮这一步卡死了 11 分钟：Gatekeeper 弹模态框，`open` 在等 LaunchServices[0m
2026-08-04T06:25:40.2750770Z [36;1m# 回报启动结果，而模态框没人点就永远等不到。改成后台跑 + 有界等待。[0m
2026-08-04T06:25:40.2751150Z [36;1mopen -n "$Q" > "$RUNNER_TEMP/open-q.log" 2>&1 &[0m
2026-08-04T06:25:40.2751970Z [36;1mOPEN_PID=$![0m
2026-08-04T06:25:40.2752370Z [36;1msleep 10[0m
2026-08-04T06:25:40.2752630Z [36;1mif kill -0 "$OPEN_PID" 2>/dev/null; then[0m
2026-08-04T06:25:40.2753080Z [36;1m  echo "open 仍在阻塞（这本身就是被 Gatekeeper 模态框拦住的信号），强行结束"[0m
2026-08-04T06:25:40.2753470Z [36;1m  kill -9 "$OPEN_PID" 2>/dev/null[0m
2026-08-04T06:25:40.2753760Z [36;1mfi[0m
2026-08-04T06:25:40.2754200Z [36;1mecho "open 输出：$(cat "$RUNNER_TEMP/open-q.log" 2>/dev/null)"[0m
2026-08-04T06:25:40.2754660Z [36;1mscreencapture -x "$RUNNER_TEMP/shots/05a-gatekeeper-block.png" 2>/dev/null[0m
2026-08-04T06:25:40.2755410Z [36;1mecho "服务是否起来了：$(curl -s -o /dev/null -w '%{http_code}' --max-time 3 http://127.0.0.1:7823/health)   # 000 = 未启动（被拦）"[0m
2026-08-04T06:25:40.2756110Z [36;1mscreencapture -x "$RUNNER_TEMP/shots/05-quarantine-dialog.png" 2>/dev/null[0m
2026-08-04T06:25:40.2757210Z [36;1mpkill -f cc-bridge-desktop 2>/dev/null; sleep 3[0m
2026-08-04T06:25:40.2757540Z [36;1mecho "::endgroup::"[0m
2026-08-04T06:25:40.2757860Z [36;1mecho "::group::清掉隔离属性后再 open"[0m
2026-08-04T06:25:40.2758150Z [36;1mxattr -dr com.apple.quarantine "$Q"[0m
2026-08-04T06:25:40.2758540Z [36;1mopen -n "$Q" > "$RUNNER_TEMP/open-q2.log" 2>&1 &[0m
2026-08-04T06:25:40.2758880Z [36;1mOPEN_PID2=$![0m
2026-08-04T06:25:40.2759090Z [36;1msleep 12[0m
2026-08-04T06:25:40.2759350Z [36;1mkill -9 "$OPEN_PID2" 2>/dev/null[0m
2026-08-04T06:25:40.2759800Z [36;1mecho "open 输出：$(cat "$RUNNER_TEMP/open-q2.log" 2>/dev/null)"[0m
2026-08-04T06:25:40.2760450Z [36;1mecho "服务是否起来了：$(curl -s -o /dev/null -w '%{http_code}' --max-time 3 http://127.0.0.1:7823/health)   # 200 = xattr -dr 确实管用"[0m
2026-08-04T06:25:40.2761160Z [36;1mscreencapture -x "$RUNNER_TEMP/shots/06-after-dequarantine.png" 2>/dev/null[0m
2026-08-04T06:25:40.2761750Z [36;1mpkill -f cc-bridge-desktop 2>/dev/null[0m
2026-08-04T06:25:40.2762110Z [36;1mecho "::endgroup::"[0m
2026-08-04T06:25:40.2880590Z shell: /bin/bash -e {0}
2026-08-04T06:25:40.2881000Z env:
2026-08-04T06:25:40.2881380Z   SCCACHE_GHA_ENABLED: true
2026-08-04T06:25:40.2881710Z   RUSTC_WRAPPER: sccache
2026-08-04T06:25:40.2882070Z   CARGO_HOME: /Users/runner/.cargo
2026-08-04T06:25:40.2882470Z   CARGO_INCREMENTAL: 0
2026-08-04T06:25:40.2882720Z   CARGO_TERM_COLOR: always
2026-08-04T06:25:40.2883180Z   SCCACHE_PATH: /Users/runner/hostedtoolcache/sccache/0.17.0/arm64/sccache
2026-08-04T06:25:40.2883700Z   ACTIONS_CACHE_SERVICE_V2: on
2026-08-04T06:25:40.2884120Z   ACTIONS_RESULTS_URL: https://results-receiver.actions.githubusercontent.com/
2026-08-04T06:25:40.2933880Z   ACTIONS_RUNTIME_TOKEN: ***
2026-08-04T06:25:40.2934940Z   CACHE_ON_FAILURE: false
2026-08-04T06:25:40.2935860Z   TAURI_SIGNING_PRIVATE_KEY: /Users/runner/work/_temp/smoke.key
2026-08-04T06:25:40.2937050Z   TAURI_SIGNING_PRIVATE_KEY_PASSWORD: 
2026-08-04T06:25:40.2938680Z   APP_BIN: /Users/runner/work/cc-bridge/cc-bridge/desktop/src-tauri/target/release/bundle/macos/cc-bridge.app/Contents/MacOS/cc-bridge-desktop
2026-08-04T06:25:40.2940280Z   APP_PID: 4898
2026-08-04T06:25:40.2940850Z ##[endgroup]
2026-08-04T06:25:43.5735310Z ##[group]带隔离属性 open
2026-08-04T06:25:53.6270540Z open 仍在阻塞（这本身就是被 Gatekeeper 模态框拦住的信号），强行结束
2026-08-04T06:25:53.6324550Z open 输出：
2026-08-04T06:25:53.6326080Z /Users/runner/work/_temp/0159ddca-5c8d-4d0c-9da0-d4deb09ebd28.sh: line 19:  6812 Killed: 9               open -n "$Q" > "$RUNNER_TEMP/open-q.log" 2>&1
2026-08-04T06:25:54.1082250Z 服务是否起来了：000   # 000 = 未启动（被拦）
2026-08-04T06:25:57.4727250Z ##[endgroup]
2026-08-04T06:25:57.4729540Z ##[group]清掉隔离属性后再 open
2026-08-04T06:26:09.5638930Z open 输出：
2026-08-04T06:26:09.5832150Z 服务是否起来了：200   # 200 = xattr -dr 确实管用
2026-08-04T06:26:09.9558590Z ##[endgroup]
2026-08-04T06:26:09.9817170Z ##[group]Run bash .github/scripts/mac-updater-e2e.sh \
2026-08-04T06:26:09.9819580Z [36;1mbash .github/scripts/mac-updater-e2e.sh \[0m
2026-08-04T06:26:09.9833380Z [36;1m  "$PWD/desktop/src-tauri/target/release/bundle/macos/cc-bridge.app" \[0m
2026-08-04T06:26:09.9837520Z [36;1m  "$APP_BIN" \[0m
2026-08-04T06:26:09.9840150Z [36;1m  "$RUNNER_TEMP/smoke.key"[0m
2026-08-04T06:26:09.9906400Z shell: /bin/bash -e {0}
2026-08-04T06:26:09.9907400Z env:
2026-08-04T06:26:09.9907840Z   SCCACHE_GHA_ENABLED: true
2026-08-04T06:26:09.9908180Z   RUSTC_WRAPPER: sccache
2026-08-04T06:26:09.9908590Z   CARGO_HOME: /Users/runner/.cargo
2026-08-04T06:26:09.9946490Z   CARGO_INCREMENTAL: 0
2026-08-04T06:26:09.9947290Z   CARGO_TERM_COLOR: always
2026-08-04T06:26:09.9948250Z   SCCACHE_PATH: /Users/runner/hostedtoolcache/sccache/0.17.0/arm64/sccache
2026-08-04T06:26:09.9949650Z   ACTIONS_CACHE_SERVICE_V2: on
2026-08-04T06:26:09.9950420Z   ACTIONS_RESULTS_URL: https://results-receiver.actions.githubusercontent.com/
2026-08-04T06:26:10.0043030Z   ACTIONS_RUNTIME_TOKEN: ***
2026-08-04T06:26:10.0043510Z   CACHE_ON_FAILURE: false
2026-08-04T06:26:10.0055850Z   TAURI_SIGNING_PRIVATE_KEY: /Users/runner/work/_temp/smoke.key
2026-08-04T06:26:10.0056890Z   TAURI_SIGNING_PRIVATE_KEY_PASSWORD: 
2026-08-04T06:26:10.0058390Z   APP_BIN: /Users/runner/work/cc-bridge/cc-bridge/desktop/src-tauri/target/release/bundle/macos/cc-bridge.app/Contents/MacOS/cc-bridge-desktop
2026-08-04T06:26:10.0059970Z   APP_PID: 4898
2026-08-04T06:26:10.0066130Z   GH_TOKEN: ***
2026-08-04T06:26:10.0066940Z ##[endgroup]
2026-08-04T06:26:10.0812180Z ##[group]1) 造新版包（改版本号 + 塞标记文件 + 重签 + 打包 + 签名）
2026-08-04T06:26:10.1649870Z /Users/runner/work/_temp/newver/cc-bridge.app: replacing existing signature
2026-08-04T06:26:10.2451310Z 新版包签名校验 exit=0
2026-08-04T06:26:11.0843330Z -rw-r--r--  1 runner  staff  5959975 Aug  4 06:26 /Users/runner/work/_temp/newver/cc-bridge-new.app.tar.gz
2026-08-04T06:26:11.0844550Z --- tauri signer sign --help ---
2026-08-04T06:26:11.9756760Z Sign a file
2026-08-04T06:26:11.9791850Z 
2026-08-04T06:26:11.9802690Z Usage: npm run npx signer sign [OPTIONS] <FILE>
2026-08-04T06:26:11.9826500Z 
2026-08-04T06:26:11.9827880Z Arguments:
2026-08-04T06:26:11.9829080Z   <FILE>  Sign the specified file
2026-08-04T06:26:11.9829820Z 
2026-08-04T06:26:11.9830520Z Options:
2026-08-04T06:26:11.9831740Z   -k, --private-key <PRIVATE_KEY>
2026-08-04T06:26:11.9833630Z           Load the private key from a string [env: TAURI_SIGNING_PRIVATE_KEY=/Users/runner/work/_temp/smoke.key]
2026-08-04T06:26:11.9835560Z   -v, --verbose...
2026-08-04T06:26:11.9836020Z           Enables verbose logging
2026-08-04T06:26:11.9836660Z   -f, --private-key-path <PRIVATE_KEY_PATH>
2026-08-04T06:26:11.9837280Z           Load the private key from a file [env: TAURI_SIGNING_PRIVATE_KEY_PATH=]
2026-08-04T06:26:11.9837940Z   -p, --password <PASSWORD>
2026-08-04T06:26:11.9838910Z           Set private key password when signing [env: TAURI_SIGNING_PRIVATE_KEY_PASSWORD=]
2026-08-04T06:26:11.9839600Z   -h, --help
2026-08-04T06:26:11.9840140Z           Print help
2026-08-04T06:26:11.9840660Z   -V, --version
2026-08-04T06:26:11.9841100Z           Print version
2026-08-04T06:26:12.3899580Z -f 形式未产出 .sig，换 -k 再试（不同 Tauri 版本参数名不同）
2026-08-04T06:26:12.3956540Z error: the argument '--private-key-path <PRIVATE_KEY_PATH>' cannot be used with '--private-key <PRIVATE_KEY>'
2026-08-04T06:26:12.3958700Z 
2026-08-04T06:26:12.3960150Z Usage: npm run npx signer sign --private-key-path <PRIVATE_KEY_PATH> --password <PASSWORD> <FILE>
2026-08-04T06:26:12.3961190Z 
2026-08-04T06:26:12.3961680Z For more information, try '--help'.
2026-08-04T06:26:13.0541430Z 签名长度=412
2026-08-04T06:26:13.1388940Z ✅ 签名密钥与应用内置公钥配对（验签不会因密钥不匹而失败）
2026-08-04T06:26:13.1390390Z ##[endgroup]
2026-08-04T06:26:13.1391850Z ##[group]2) 挂到临时 prerelease ci-updater-test-30883718367
2026-08-04T06:26:14.4033420Z https://github.com/lzlkyb/cc-bridge/releases/tag/ci-updater-test-30883718367
2026-08-04T06:26:15.7128490Z updater.json 语法 OK
2026-08-04T06:26:16.5865760Z endpoint=https://github.com/lzlkyb/cc-bridge/releases/download/ci-updater-test-30883718367/updater.json
2026-08-04T06:26:16.5868600Z --- 确认该 URL 公开可读（updater 会从这里拉）---
2026-08-04T06:26:16.9364980Z http_code=200
2026-08-04T06:26:16.9370550Z ##[endgroup]
2026-08-04T06:26:16.9371400Z ##[group]3) 启动旧版（endpoint 指向临时源）
2026-08-04T06:26:16.9371920Z 原 .app 无标记文件 ✓（判定基线干净）
2026-08-04T06:26:21.1608200Z 旧版已启动（第 2 次探测 /health 200）pid=7783
2026-08-04T06:26:29.5565790Z no dialog found
2026-08-04T06:26:29.5667350Z dismiss exit=0
2026-08-04T06:26:44.2410610Z NOTFOUND: 跳过引导
2026-08-04T06:26:48.3337550Z ##[endgroup]
2026-08-04T06:26:48.3441590Z ##[group]4) 两段式点击：先开更新弹框，再点弹框里的「下载并更新」
2026-08-04T06:26:48.3544190Z ##[group]启动自检后的窗口（找更新相关按钮）
2026-08-04T06:26:52.9482330Z 元素总数=99
2026-08-04T06:26:52.9584460Z AXStaticText | CC Bridge
2026-08-04T06:26:52.9685840Z AXButton | 更新 v99.9.9
2026-08-04T06:26:52.9793510Z AXStaticText | 已连接
2026-08-04T06:26:52.9815120Z AXButton | 停止服务
2026-08-04T06:26:52.9816160Z AXButton | 切换深色
2026-08-04T06:26:52.9816830Z AXButton | 最小化
2026-08-04T06:26:52.9817830Z AXButton | 最大化
2026-08-04T06:26:52.9825110Z AXButton | 关闭窗口
2026-08-04T06:26:52.9825580Z AXButton | 连接
2026-08-04T06:26:52.9825840Z AXButton | 安全
2026-08-04T06:26:52.9826190Z AXButton | 设置
2026-08-04T06:26:52.9826560Z AXButton | 日志
2026-08-04T06:26:52.9826880Z AXStaticText | 服务运行中
2026-08-04T06:26:52.9827280Z AXStaticText | 192.168.64.16
2026-08-04T06:26:52.9827640Z AXStaticText |  : 
2026-08-04T06:26:52.9827930Z AXStaticText | 7823
2026-08-04T06:26:52.9828390Z AXStaticText | 服务健康度 · 实时成功率
2026-08-04T06:26:52.9828780Z AXStaticText | 100.0%
2026-08-04T06:26:52.9829080Z AXStaticText | 累计
2026-08-04T06:26:52.9829510Z AXStaticText | 优
2026-08-04T06:26:52.9829950Z AXStaticText | 运行正常
2026-08-04T06:26:52.9830270Z AXStaticText | 0/min
2026-08-04T06:26:52.9830700Z AXStaticText | 请求速率
2026-08-04T06:26:52.9831030Z AXStaticText | 0ms
2026-08-04T06:26:52.9831440Z AXStaticText | 平均耗时
2026-08-04T06:26:52.9831730Z AXStaticText | 0ms
2026-08-04T06:26:52.9832220Z AXStaticText | 慢请求 P95
2026-08-04T06:26:52.9832700Z AXStaticText | 95% 请求快于此
2026-08-04T06:26:52.9833030Z AXStaticText | 运行时间
2026-08-04T06:26:52.9833340Z AXStaticText | 0
2026-08-04T06:26:52.9833770Z AXStaticText | 累计请求
2026-08-04T06:26:52.9834000Z AXStaticText | 0
2026-08-04T06:26:52.9834330Z AXStaticText | 错误次数
2026-08-04T06:26:52.9834670Z AXStaticText | 限流命中
2026-08-04T06:26:52.9834900Z AXStaticText | 0
2026-08-04T06:26:52.9835290Z AXStaticText | 越权拒绝
2026-08-04T06:26:52.9835580Z AXStaticText | 0
2026-08-04T06:26:52.9835970Z AXStaticText | 审计
2026-08-04T06:26:52.9836310Z AXStaticText | 0 条
2026-08-04T06:26:52.9836670Z AXStaticText | 活跃命令
2026-08-04T06:26:52.9836910Z AXStaticText | 0
2026-08-04T06:26:52.9837340Z AXStaticText | 暂无调用
2026-08-04T06:26:52.9837730Z AXStaticText | 正在监听，远程可连接
2026-08-04T06:26:52.9838010Z AXButton | 停止服务
2026-08-04T06:26:52.9838420Z AXStaticText | 接入 Claude Code
2026-08-04T06:26:52.9838830Z AXStaticText | 选择远程服务器能连回本机的地址
2026-08-04T06:26:52.9839140Z AXStaticText |  通过 
2026-08-04T06:26:52.9839570Z AXStaticText | VPN
2026-08-04T06:26:52.9840160Z AXStaticText |  连服务器 → 选 VPN 网段（多为 10.x）；
2026-08-04T06:26:52.9840520Z AXStaticText | 内网直连
2026-08-04T06:26:52.9841200Z AXStaticText |  → 选内网 IP（192.168.x / 172.x）。 拿不准就逐个试，或用下方命令在服务器上验证哪个通。
2026-08-04T06:26:52.9841740Z AXButton | 刷新地址
2026-08-04T06:26:52.9842120Z AXButton | 192.168.64.16 默认 家用/办公内网
2026-08-04T06:26:52.9842570Z AXStaticText | 在服务器上执行以下命令验证连通（返回 
2026-08-04T06:26:52.9842910Z AXStaticText | {
2026-08-04T06:26:52.9843230Z AXStaticText | "status":"ok"
2026-08-04T06:26:52.9843560Z AXStaticText | }
2026-08-04T06:26:52.9843830Z AXStaticText |  即可用该 IP）：
2026-08-04T06:26:52.9844390Z AXStaticText | curl http://192.168.64.16:7823/health
2026-08-04T06:26:52.9844810Z AXButton | 复制
2026-08-04T06:26:52.9845180Z AXButton | 接入模式 项目级 · 仅指定项目生效
2026-08-04T06:26:52.9845580Z AXButton | 接入步骤 HTTP 点击展开查看连接命令
2026-08-04T06:26:52.9846020Z AXButton | 访问令牌 访问令牌 已配置 · 点击展开管理（显示 / 重生成）
2026-08-04T06:26:52.9863830Z AXButton | 权限自动授权 点击展开查看授权命令
2026-08-04T06:26:52.9865770Z ##[endgroup]
2026-08-04T06:26:52.9866670Z --- 主动触发一次检查更新（绕开启动自检的竞态）---
2026-08-04T06:26:53.6359250Z OK clicked: 设置
2026-08-04T06:27:03.0909060Z OK clicked(prefix): 关于 CC Bridge v2.3.20
2026-08-04T06:27:03.1012110Z 有新版本 v99.9.9
2026-08-04T06:27:03.1114840Z 下载安装
2026-08-04T06:27:06.2025090Z ##[group]展开关于卡片后（找检查更新入口）
2026-08-04T06:27:25.1781430Z 元素总数=248
2026-08-04T06:27:25.1872600Z AXStaticText | CC Bridge
2026-08-04T06:27:25.1974260Z AXButton | 更新 v99.9.9
2026-08-04T06:27:25.2078050Z AXStaticText | 已连接
2026-08-04T06:27:25.2180250Z AXButton | 停止服务
2026-08-04T06:27:25.2282050Z AXButton | 切换深色
2026-08-04T06:27:25.2383970Z AXButton | 最小化
2026-08-04T06:27:25.2486600Z AXButton | 最大化
2026-08-04T06:27:25.2589090Z AXButton | 关闭窗口
2026-08-04T06:27:25.2691670Z AXButton | 连接
2026-08-04T06:27:25.2800260Z AXButton | 安全
2026-08-04T06:27:25.2902230Z AXButton | 设置
2026-08-04T06:27:25.3003800Z AXButton | 日志
2026-08-04T06:27:25.3216910Z AXButton | 关于 CC Bridge v2.3.20
2026-08-04T06:27:25.3320600Z 有新版本 v99.9.9
2026-08-04T06:27:25.3423000Z 下载安装
2026-08-04T06:27:25.3526010Z AXStaticText | 本次更新内容
2026-08-04T06:27:25.3629110Z AXStaticText | 查看详情 ›
2026-08-04T06:27:25.3730820Z AXStaticText | 技术栈
2026-08-04T06:27:25.3751270Z AXStaticText | ⚙️
2026-08-04T06:27:25.3755440Z AXStaticText | Tauri 2
2026-08-04T06:27:25.3759570Z AXStaticText | 桌面框架
2026-08-04T06:27:25.3771120Z AXStaticText | ⚛️
2026-08-04T06:27:25.3813630Z AXStaticText | React
2026-08-04T06:27:25.3823830Z AXStaticText | UI 框架
2026-08-04T06:27:25.3829690Z AXStaticText | TS
2026-08-04T06:27:25.3835150Z AXStaticText | TypeScript
2026-08-04T06:27:25.3937860Z AXStaticText | 类型安全
2026-08-04T06:27:25.3950330Z AXStaticText | 🦀
2026-08-04T06:27:25.3954340Z AXStaticText | Rust
2026-08-04T06:27:25.3961710Z AXStaticText | 后端核心
2026-08-04T06:27:25.3969850Z AXStaticText | 🔌
2026-08-04T06:27:25.3975740Z AXStaticText | MCP
2026-08-04T06:27:25.3981210Z AXStaticText | 模型上下文
2026-08-04T06:27:25.3985130Z AXStaticText | ⚡
2026-08-04T06:27:25.3988790Z AXStaticText | Vite
2026-08-04T06:27:25.3992850Z AXStaticText | 构建工具
2026-08-04T06:27:25.3997020Z AXStaticText | 项目信息
2026-08-04T06:27:25.4000670Z AXStaticText | 作者
2026-08-04T06:27:25.4010530Z AXStaticText | lzlkyb
2026-08-04T06:27:25.4021430Z AXStaticText | 开源协议
2026-08-04T06:27:25.4028560Z AXStaticText | MIT
2026-08-04T06:27:25.4034750Z AXStaticText | 仓库地址
2026-08-04T06:27:25.4051900Z AXButton | GitHub ↗
2026-08-04T06:27:25.4060750Z AXStaticText | 简介
2026-08-04T06:27:25.4068940Z AXStaticText | 本地 MCP 桥接桌面工具
2026-08-04T06:27:25.4092860Z AXStaticText | 更新历史
2026-08-04T06:27:25.4099490Z AXStaticText | v
2026-08-04T06:27:25.4183520Z AXStaticText | 2.3.20
2026-08-04T06:27:25.4189960Z AXStaticText | 2026-08-03
2026-08-04T06:27:25.4196410Z AXStaticText | 最新
2026-08-04T06:27:25.4201380Z AXStaticText | 修复
2026-08-04T06:27:25.4215350Z AXStaticText | 后台有个线程会长期占满一个 CPU 核心，现已修复；同一个问题还让「IP 变化提示」一直没能生效，也一并修好
2026-08-04T06:27:25.4232080Z AXStaticText | 修复
2026-08-04T06:27:25.4253780Z AXStaticText | 命令超时后不再丢弃已经跑出来的输出，默认超时也从 30 秒放宽到 2 分钟
2026-08-04T06:27:25.4254490Z AXStaticText | 修复
2026-08-04T06:27:25.4260280Z AXStaticText | 修好三个远程工具参数「传了不生效」的问题：命令超时、输出上限、批量操作出错是否中断
2026-08-04T06:27:25.4267340Z AXStaticText | 改进
2026-08-04T06:27:25.4274410Z AXStaticText | 窗口收进托盘或最小化后，各类后台轮询与常驻动画全部暂停，不再空耗 CPU
2026-08-04T06:27:25.4282550Z AXStaticText | 改进
2026-08-04T06:27:25.4289430Z AXStaticText | 数据库日志文件从约 4MB 收回到 0，启动更快
2026-08-04T06:27:25.4294530Z AXStaticText | 改进
2026-08-04T06:27:25.4299730Z AXStaticText | 刷新状态时的界面重绘范围大幅收窄，日志翻页也更省内存
2026-08-04T06:27:25.4303610Z AXStaticText | 改进
2026-08-04T06:27:25.4309230Z AXStaticText | 一个线程常驻跑满一个 CPU 核：`ip_watch.rs` 用 winsock2 `SIO_ADDRESS_LIST_CHANGE` ioctl 监听地址变化，并把 `-1 + WSAEFAULT(10014)` 当成「地址已变化 / 有数据准备好」。实机探针测得该调用在 `cbOutBuffer=0` 时 0.000ms 立即返回 WSAEFAULT —— WSAEFAULT 意为「输出缓冲区参数无效」，即 ioctl 直接失败、通知根本没挂上。于是那个 `loop` 每秒空转数百万次（实测单线程 101.3% 单核，进程合计 125%）。改用 iphlpapi `NotifyAddrChange(NULL, NULL)`（同步阻塞，已用探针验证真的会阻塞）。
2026-08-04T06:27:25.4314050Z AXStaticText | 改进
2026-08-04T06:27:25.4317820Z AXStaticText | IP 变化检测实际上一直是死的（上一条的连带后果）：假事件洪流让防抖的无限吸收循环 `while timeout(600ms, rx.recv()).is_ok()` 恒真、永不退出，其后的 `refresh_lan_ips` 与托盘提示从来执行不到（只有 5s 轮询那条兜底路径在工作）。现吸收循环加上限（最多 32 条）。
2026-08-04T06:27:25.4322180Z AXStaticText | 改进
2026-08-04T06:27:25.4327350Z AXStaticText | 命令超时就什么都拿不到：`run_command` 超时分支里 `stdout`/`stderr` 是硬编码的空串，已跑出来的输出全部丢弃。按 1281 条真实审计记录，141 次（11%）撞到了 30s 默认超时（而 p50 只有 1125ms，被截断的都是 cargo build 这类长命令）——编译跑了半分钟、报错都刷出来了，调用方却只拿到一个空结果。现默认超时提到 120s，且超时时会等读取线程把缓冲区吐完（最多 100 × 2ms），把真实输出连同 truncated 标记一起带回，并附提示引导长任务用 `background: true`。新增两条回归测试锁住行为。（注：这不等于「超时自动转后台」，那仍待做。）
2026-08-04T06:27:25.4331350Z AXStaticText | 改进
2026-08-04T06:27:25.4338600Z AXStaticText | 三个 MCP 工具参数一直是失效的（传了等于没传）：`run_command` 的 `timeoutMs` / `maxOutputBytes` 与 `batch` 的 `stopOnError`，在工具 schema 里被暴露成 snake_case（`timeout_ms` 等），而服务端反序列化只认 camelCase——于是调用方按 schema 传参会被静默忽略、永远回落默认值（实际踩到：传 `timeout_ms: 180000` 仍按默认超时结束）；另 `search_files` 的 `maxResults` 被误标成必填。根因在 `ToolSchema` 衍生宏：`parse_nested_meta` 的回调未把非目标项的 `= value` 消费掉，解析在第一个不关心的带值项处就报错并被吞，属性里后续项全部读不到（具体丢 `rename` 还是丢 `default` 取决于两者的书写顺序，所以症状看上去毫无规律）。现改为对所有带值项统一先吃下值再取用，并补两条断言 schema 形状的回归测试（这类 bug 不报错、不失败构建）。注：这会使上述参数名在 schema 里改为 camelCase，但它们原本传了也无效，不存在有效依赖。
2026-08-04T06:27:25.4343610Z AXStaticText | 改进
2026-08-04T06:27:25.4347210Z AXStaticText | 新增两道护栏防止同类问题再现：通知 API 返回非预期值时强制退避 2s（绝不空转）；事件频率硬限流 ≤ 5 次/秒。即使将来 API 行为再变，最坏也只退化成每 200ms 一次，不会再烧掉一个核。
2026-08-04T06:27:25.4350490Z AXStaticText | 改进
2026-08-04T06:27:25.4359320Z AXStaticText | 前端常驻脉冲点从动画 `box-shadow`（每帧重绘，且紧邻 `backdrop-filter` 元素会连带大面积背景重新模糊）改为伪元素的 `transform + opacity` 涟漪（纯合成）；`indet-slide` 从动画 `left`（每帧布局）改为 `transform: translateX`；删掉死代码 `uptime-flash` / `.hero-uptime--live`。新增「窗口不可见时暂停全部动画」机制（`data-app-hidden` + `hooks/useAppHiddenFlag.ts`，Rust 侧在托盘 toggle / 托盘菜单显示 / 关窗收托盘 / OS 最小化四处发 `app:visibility`）。暂停范围只限于 7 个常驻 `infinite` 动画，不碰 transition 与一次性入场动画——最初写成 `*` 加 `transition: none !important`，实际跑起来整页白屏（会把正在入场的元素永久冻在 `opacity: 0`），已改窄并在 CSS 里留下警告。另：早前“暂停未生效”的结论已被推翻（那次测量未受控，见清单 M10），信号计算现有单测兜底；但真实 CPU 收益仍待受控复测。
2026-08-04T06:27:25.4464620Z AXStaticText | 改进
2026-08-04T06:27:25.4507950Z AXStaticText | `ip_watch::spawn` 不再返回 `UdpSocket`（改用 `NotifyAddrChange` 后不再需要用 socket 关闭作为停止信号）；线程以 `tx.send` 失败作为退出条件。
2026-08-04T06:27:25.4513550Z AXStaticText | 改进
2026-08-04T06:27:25.4517820Z AXStaticText | 新增 `desktop/src-tauri/ip_watch_probe.rs`（独立诊断工具，不在 `src/` 下、不参与 Cargo 构建）：一次性验证两个通知 API 的阻塞行为，以后怀疑同类问题直接 `rustc ip_watch_probe.rs -O -o ip_watch_probe.exe` 跑一次即可。
2026-08-04T06:27:25.4524570Z AXStaticText | 改进
2026-08-04T06:27:25.4529310Z AXStaticText | 日志面板取一页不再克隆全量：`audit.rs` 的 `read_page` 原先把缓存里整份 4898 条 / 5.2MB 的解析结果 `clone()` 一份（另有一次 `parsed.clone()`），而调用方只要几十条；前端 10s 轮询一次，即每 10s 白白克隆再丢弃两份 5MB。现改为 `page_slice()` 只克隆本页。（`AUDIT_CACHE` 本身常驻内存的问题仍在，待做。）
2026-08-04T06:27:25.4533150Z AXStaticText | 改进
2026-08-04T06:27:25.4538800Z AXStaticText | WAL 文件从 3.94MB 降到 0：实测 `cc-bridge.db` 仅 448KB 而 `cc-bridge.db-wal` 高达 4.13MB——SQLite 默认 `wal_autocheckpoint` 是 1000 页（≈4MB），而本应用写入量小、进程常驻，几乎碰不到该阀值。修法分两层：① `wal_autocheckpoint` 设为 256 页（≈1MB 就回写）防它继续长，不设更小是因为太小会把随机写变成频繁 fsync；② 光有①不够——autocheckpoint 只把内容回写主库并重置写指针复用同一个文件，从不缩小文件本身（实测只加①重启后 WAL 依旧 4.13MB），所以又在启动时补一次 `wal_checkpoint(TRUNCATE)` 把残留 WAL 截到 0。实测：WAL 4132392 → 0 bytes、主库 +16KB（内容回写），净省 3.94MB，并减少每次启动的 WAL replay。
2026-08-04T06:27:25.4543400Z AXStaticText | 改进
2026-08-04T06:27:25.4550310Z AXStaticText | 5s 状态轮询不再连带重渲染整个 Tab：有 8 个组件直接吃 `status`，而 `uptimeSeconds` / `stats` 每 5s 必变 → 顶层引用必然是新的，包 `memo` 也挡不住（react-query 的 structuralSharing 只保得住未变字段的引用，救不了顶层对象）。现按变化频率拆订阅：新增 `StaticStatus` / `LiveStatus` 两个类型，主查询用 `select` 剔掉高频字段，`ConnectHero` 用同一 `queryKey` 自行订阅那两个字段（共享缓存，不多发请求），秒级变化只重渲染它自己。注：重渲染范围尚未用 React DevTools 实测确认。
2026-08-04T06:27:25.4555410Z AXStaticText | 改进
2026-08-04T06:27:25.4566990Z AXStaticText | 窗口收进托盘后不再空转轮询：以前窗口不可见时，8 处轮询依旧全速跑——状态（5s）、审计日志（10s）、防火墙诊断（30s）、后台命令列表与输出（各 3s）、运行时长跳秒（1s），其中最重的是状态轮询里带的可达性探针（真开一次 TCP 连接，200ms 超时）。现全部随窗口可见性断流，恢复可见那一刻立即补一次而不干等周期。新增 `lib/appVisibility.ts`（模块级 store + `useSyncExternalStore`）把可见性从“只写 DOM 属性”升级为 React 可订阅状态，并配 6 条单测。一次性倒计时（IP 变化提示）与小时级更新检查有意不断。
2026-08-04T06:27:25.4581550Z AXStaticText | 改进
2026-08-04T06:27:25.4592890Z AXStaticText | 状态查询不再用读锁罩住磁盘与网络 I/O：`get_status` 的 `config` 读锁原本从函数开头一路罩到末尾，横跨了首次防火墙查询（netsh，可达数百 ms）、可达性探针（最长 200ms）与备份目录枚举，于是前端每 5s 轮询一次就造出一个最长 200ms+ 的窗口，期间在设置页改任何配置都得排队等锁。现拆为「短锁取字段 → 锁外做慢操作 → 再取锁读剩下」，锁持有时间降到微秒级。（附：同时用探针实测排除了两个怀疑——备份目录统计在 1230 个文件下只 2.3ms，bash 探测已有缓存，两者都不是瓶颈。）
2026-08-04T06:27:25.4603750Z AXButton | 查看更多版本 (9)
2026-08-04T06:27:25.4610440Z AXStaticText | © 2026 CC Bridge · MIT License · by 
2026-08-04T06:27:25.4617330Z AXStaticText | lzlkyb
2026-08-04T06:27:25.4718960Z AXStaticText | 网络
2026-08-04T06:27:25.4784580Z ##[endgroup]
2026-08-04T06:27:55.8648570Z   试检查入口 [检查更新] -> NOTFOUND: 检查更新
2026-08-04T06:28:29.1845420Z   试检查入口 [立即检查] -> NOTFOUND: 立即检查
2026-08-04T06:28:57.8537430Z   试检查入口 [检查] -> NOTFOUND: 检查
2026-08-04T06:28:57.8644220Z ##[group]主动检查后（应出现更新按钮）
2026-08-04T06:29:15.7381630Z 元素总数=248
2026-08-04T06:29:15.7416040Z AXStaticText | CC Bridge
2026-08-04T06:29:15.7417400Z AXButton | 更新 v99.9.9
2026-08-04T06:29:15.7418060Z AXStaticText | 已连接
2026-08-04T06:29:15.7418820Z AXButton | 停止服务
2026-08-04T06:29:15.7419400Z AXButton | 切换深色
2026-08-04T06:29:15.7420340Z AXButton | 最小化
2026-08-04T06:29:15.7421270Z AXButton | 最大化
2026-08-04T06:29:15.7421780Z AXButton | 关闭窗口
2026-08-04T06:29:15.7422170Z AXButton | 连接
2026-08-04T06:29:15.7422540Z AXButton | 安全
2026-08-04T06:29:15.7423220Z AXButton | 设置
2026-08-04T06:29:15.7423550Z AXButton | 日志
2026-08-04T06:29:15.7424480Z AXButton | 关于 CC Bridge v2.3.20
2026-08-04T06:29:15.7424990Z 有新版本 v99.9.9
2026-08-04T06:29:15.7425370Z 下载安装
2026-08-04T06:29:15.7425870Z AXStaticText | 本次更新内容
2026-08-04T06:29:15.7426420Z AXStaticText | 查看详情 ›
2026-08-04T06:29:15.7427140Z AXStaticText | 技术栈
2026-08-04T06:29:15.7427680Z AXStaticText | ⚙️
2026-08-04T06:29:15.7428180Z AXStaticText | Tauri 2
2026-08-04T06:29:15.7430670Z AXStaticText | 桌面框架
2026-08-04T06:29:15.7431530Z AXStaticText | ⚛️
2026-08-04T06:29:15.7431910Z AXStaticText | React
2026-08-04T06:29:15.7432270Z AXStaticText | UI 框架
2026-08-04T06:29:15.7432590Z AXStaticText | TS
2026-08-04T06:29:15.7434640Z AXStaticText | TypeScript
2026-08-04T06:29:15.7435090Z AXStaticText | 类型安全
2026-08-04T06:29:15.7435460Z AXStaticText | 🦀
2026-08-04T06:29:15.7435790Z AXStaticText | Rust
2026-08-04T06:29:15.7436150Z AXStaticText | 后端核心
2026-08-04T06:29:15.7436490Z AXStaticText | 🔌
2026-08-04T06:29:15.7436830Z AXStaticText | MCP
2026-08-04T06:29:15.7437220Z AXStaticText | 模型上下文
2026-08-04T06:29:15.7437460Z AXStaticText | ⚡
2026-08-04T06:29:15.7437740Z AXStaticText | Vite
2026-08-04T06:29:15.7438090Z AXStaticText | 构建工具
2026-08-04T06:29:15.7438390Z AXStaticText | 项目信息
2026-08-04T06:29:15.7439000Z AXStaticText | 作者
2026-08-04T06:29:15.7440080Z AXStaticText | lzlkyb
2026-08-04T06:29:15.7441020Z AXStaticText | 开源协议
2026-08-04T06:29:15.7441330Z AXStaticText | MIT
2026-08-04T06:29:15.7441680Z AXStaticText | 仓库地址
2026-08-04T06:29:15.7441960Z AXButton | GitHub ↗
2026-08-04T06:29:15.7442330Z AXStaticText | 简介
2026-08-04T06:29:15.7442670Z AXStaticText | 本地 MCP 桥接桌面工具
2026-08-04T06:29:15.7451010Z AXStaticText | 更新历史
2026-08-04T06:29:15.7451780Z AXStaticText | v
2026-08-04T06:29:15.7453640Z AXStaticText | 2.3.20
2026-08-04T06:29:15.7470280Z AXStaticText | 2026-08-03
2026-08-04T06:29:15.7470680Z AXStaticText | 最新
2026-08-04T06:29:15.7470980Z AXStaticText | 修复
2026-08-04T06:29:15.7472340Z AXStaticText | 后台有个线程会长期占满一个 CPU 核心，现已修复；同一个问题还让「IP 变化提示」一直没能生效，也一并修好
2026-08-04T06:29:15.7472880Z AXStaticText | 修复
2026-08-04T06:29:15.7473320Z AXStaticText | 命令超时后不再丢弃已经跑出来的输出，默认超时也从 30 秒放宽到 2 分钟
2026-08-04T06:29:15.7473760Z AXStaticText | 修复
2026-08-04T06:29:15.7474320Z AXStaticText | 修好三个远程工具参数「传了不生效」的问题：命令超时、输出上限、批量操作出错是否中断
2026-08-04T06:29:15.7474670Z AXStaticText | 改进
2026-08-04T06:29:15.7475140Z AXStaticText | 窗口收进托盘或最小化后，各类后台轮询与常驻动画全部暂停，不再空耗 CPU
2026-08-04T06:29:15.7475600Z AXStaticText | 改进
2026-08-04T06:29:15.7476050Z AXStaticText | 数据库日志文件从约 4MB 收回到 0，启动更快
2026-08-04T06:29:15.7476460Z AXStaticText | 改进
2026-08-04T06:29:15.7476890Z AXStaticText | 刷新状态时的界面重绘范围大幅收窄，日志翻页也更省内存
2026-08-04T06:29:15.7479680Z AXStaticText | 改进
2026-08-04T06:29:15.7481850Z AXStaticText | 一个线程常驻跑满一个 CPU 核：`ip_watch.rs` 用 winsock2 `SIO_ADDRESS_LIST_CHANGE` ioctl 监听地址变化，并把 `-1 + WSAEFAULT(10014)` 当成「地址已变化 / 有数据准备好」。实机探针测得该调用在 `cbOutBuffer=0` 时 0.000ms 立即返回 WSAEFAULT —— WSAEFAULT 意为「输出缓冲区参数无效」，即 ioctl 直接失败、通知根本没挂上。于是那个 `loop` 每秒空转数百万次（实测单线程 101.3% 单核，进程合计 125%）。改用 iphlpapi `NotifyAddrChange(NULL, NULL)`（同步阻塞，已用探针验证真的会阻塞）。
2026-08-04T06:29:15.7483120Z AXStaticText | 改进
2026-08-04T06:29:15.7484150Z AXStaticText | IP 变化检测实际上一直是死的（上一条的连带后果）：假事件洪流让防抖的无限吸收循环 `while timeout(600ms, rx.recv()).is_ok()` 恒真、永不退出，其后的 `refresh_lan_ips` 与托盘提示从来执行不到（只有 5s 轮询那条兜底路径在工作）。现吸收循环加上限（最多 32 条）。
2026-08-04T06:29:15.7484880Z AXStaticText | 改进
2026-08-04T06:29:15.7486760Z AXStaticText | 命令超时就什么都拿不到：`run_command` 超时分支里 `stdout`/`stderr` 是硬编码的空串，已跑出来的输出全部丢弃。按 1281 条真实审计记录，141 次（11%）撞到了 30s 默认超时（而 p50 只有 1125ms，被截断的都是 cargo build 这类长命令）——编译跑了半分钟、报错都刷出来了，调用方却只拿到一个空结果。现默认超时提到 120s，且超时时会等读取线程把缓冲区吐完（最多 100 × 2ms），把真实输出连同 truncated 标记一起带回，并附提示引导长任务用 `background: true`。新增两条回归测试锁住行为。（注：这不等于「超时自动转后台」，那仍待做。）
2026-08-04T06:29:15.7487830Z AXStaticText | 改进
2026-08-04T06:29:15.7490890Z AXStaticText | 三个 MCP 工具参数一直是失效的（传了等于没传）：`run_command` 的 `timeoutMs` / `maxOutputBytes` 与 `batch` 的 `stopOnError`，在工具 schema 里被暴露成 snake_case（`timeout_ms` 等），而服务端反序列化只认 camelCase——于是调用方按 schema 传参会被静默忽略、永远回落默认值（实际踩到：传 `timeout_ms: 180000` 仍按默认超时结束）；另 `search_files` 的 `maxResults` 被误标成必填。根因在 `ToolSchema` 衍生宏：`parse_nested_meta` 的回调未把非目标项的 `= value` 消费掉，解析在第一个不关心的带值项处就报错并被吞，属性里后续项全部读不到（具体丢 `rename` 还是丢 `default` 取决于两者的书写顺序，所以症状看上去毫无规律）。现改为对所有带值项统一先吃下值再取用，并补两条断言 schema 形状的回归测试（这类 bug 不报错、不失败构建）。注：这会使上述参数名在 schema 里改为 camelCase，但它们原本传了也无效，不存在有效依赖。
2026-08-04T06:29:15.7493820Z AXStaticText | 改进
2026-08-04T06:29:15.7495290Z AXStaticText | 新增两道护栏防止同类问题再现：通知 API 返回非预期值时强制退避 2s（绝不空转）；事件频率硬限流 ≤ 5 次/秒。即使将来 API 行为再变，最坏也只退化成每 200ms 一次，不会再烧掉一个核。
2026-08-04T06:29:15.7495900Z AXStaticText | 改进
2026-08-04T06:29:15.7499970Z AXStaticText | 前端常驻脉冲点从动画 `box-shadow`（每帧重绘，且紧邻 `backdrop-filter` 元素会连带大面积背景重新模糊）改为伪元素的 `transform + opacity` 涟漪（纯合成）；`indet-slide` 从动画 `left`（每帧布局）改为 `transform: translateX`；删掉死代码 `uptime-flash` / `.hero-uptime--live`。新增「窗口不可见时暂停全部动画」机制（`data-app-hidden` + `hooks/useAppHiddenFlag.ts`，Rust 侧在托盘 toggle / 托盘菜单显示 / 关窗收托盘 / OS 最小化四处发 `app:visibility`）。暂停范围只限于 7 个常驻 `infinite` 动画，不碰 transition 与一次性入场动画——最初写成 `*` 加 `transition: none !important`，实际跑起来整页白屏（会把正在入场的元素永久冻在 `opacity: 0`），已改窄并在 CSS 里留下警告。另：早前“暂停未生效”的结论已被推翻（那次测量未受控，见清单 M10），信号计算现有单测兜底；但真实 CPU 收益仍待受控复测。
2026-08-04T06:29:15.7501990Z AXStaticText | 改进
2026-08-04T06:29:15.7503150Z AXStaticText | `ip_watch::spawn` 不再返回 `UdpSocket`（改用 `NotifyAddrChange` 后不再需要用 socket 关闭作为停止信号）；线程以 `tx.send` 失败作为退出条件。
2026-08-04T06:29:15.7503650Z AXStaticText | 改进
2026-08-04T06:29:15.7504580Z AXStaticText | 新增 `desktop/src-tauri/ip_watch_probe.rs`（独立诊断工具，不在 `src/` 下、不参与 Cargo 构建）：一次性验证两个通知 API 的阻塞行为，以后怀疑同类问题直接 `rustc ip_watch_probe.rs -O -o ip_watch_probe.exe` 跑一次即可。
2026-08-04T06:29:15.7505240Z AXStaticText | 改进
2026-08-04T06:29:15.7506640Z AXStaticText | 日志面板取一页不再克隆全量：`audit.rs` 的 `read_page` 原先把缓存里整份 4898 条 / 5.2MB 的解析结果 `clone()` 一份（另有一次 `parsed.clone()`），而调用方只要几十条；前端 10s 轮询一次，即每 10s 白白克隆再丢弃两份 5MB。现改为 `page_slice()` 只克隆本页。（`AUDIT_CACHE` 本身常驻内存的问题仍在，待做。）
2026-08-04T06:29:15.7507450Z AXStaticText | 改进
2026-08-04T06:29:15.7510350Z AXStaticText | WAL 文件从 3.94MB 降到 0：实测 `cc-bridge.db` 仅 448KB 而 `cc-bridge.db-wal` 高达 4.13MB——SQLite 默认 `wal_autocheckpoint` 是 1000 页（≈4MB），而本应用写入量小、进程常驻，几乎碰不到该阀值。修法分两层：① `wal_autocheckpoint` 设为 256 页（≈1MB 就回写）防它继续长，不设更小是因为太小会把随机写变成频繁 fsync；② 光有①不够——autocheckpoint 只把内容回写主库并重置写指针复用同一个文件，从不缩小文件本身（实测只加①重启后 WAL 依旧 4.13MB），所以又在启动时补一次 `wal_checkpoint(TRUNCATE)` 把残留 WAL 截到 0。实测：WAL 4132392 → 0 bytes、主库 +16KB（内容回写），净省 3.94MB，并减少每次启动的 WAL replay。
2026-08-04T06:29:15.7512650Z AXStaticText | 改进
2026-08-04T06:29:15.7514660Z AXStaticText | 5s 状态轮询不再连带重渲染整个 Tab：有 8 个组件直接吃 `status`，而 `uptimeSeconds` / `stats` 每 5s 必变 → 顶层引用必然是新的，包 `memo` 也挡不住（react-query 的 structuralSharing 只保得住未变字段的引用，救不了顶层对象）。现按变化频率拆订阅：新增 `StaticStatus` / `LiveStatus` 两个类型，主查询用 `select` 剔掉高频字段，`ConnectHero` 用同一 `queryKey` 自行订阅那两个字段（共享缓存，不多发请求），秒级变化只重渲染它自己。注：重渲染范围尚未用 React DevTools 实测确认。
2026-08-04T06:29:15.7516060Z AXStaticText | 改进
2026-08-04T06:29:15.7518190Z AXStaticText | 窗口收进托盘后不再空转轮询：以前窗口不可见时，8 处轮询依旧全速跑——状态（5s）、审计日志（10s）、防火墙诊断（30s）、后台命令列表与输出（各 3s）、运行时长跳秒（1s），其中最重的是状态轮询里带的可达性探针（真开一次 TCP 连接，200ms 超时）。现全部随窗口可见性断流，恢复可见那一刻立即补一次而不干等周期。新增 `lib/appVisibility.ts`（模块级 store + `useSyncExternalStore`）把可见性从“只写 DOM 属性”升级为 React 可订阅状态，并配 6 条单测。一次性倒计时（IP 变化提示）与小时级更新检查有意不断。
2026-08-04T06:29:15.7519300Z AXStaticText | 改进
2026-08-04T06:29:15.7520850Z AXStaticText | 状态查询不再用读锁罩住磁盘与网络 I/O：`get_status` 的 `config` 读锁原本从函数开头一路罩到末尾，横跨了首次防火墙查询（netsh，可达数百 ms）、可达性探针（最长 200ms）与备份目录枚举，于是前端每 5s 轮询一次就造出一个最长 200ms+ 的窗口，期间在设置页改任何配置都得排队等锁。现拆为「短锁取字段 → 锁外做慢操作 → 再取锁读剩下」，锁持有时间降到微秒级。（附：同时用探针实测排除了两个怀疑——备份目录统计在 1230 个文件下只 2.3ms，bash 探测已有缓存，两者都不是瓶颈。）
2026-08-04T06:29:15.7521960Z AXButton | 查看更多版本 (9)
2026-08-04T06:29:15.7522590Z AXStaticText | © 2026 CC Bridge · MIT License · by 
2026-08-04T06:29:15.7522910Z AXStaticText | lzlkyb
2026-08-04T06:29:15.7523410Z AXStaticText | 网络
2026-08-04T06:29:15.7523960Z ##[endgroup]
2026-08-04T06:29:29.2876400Z   试 [更新 v] -> OK clicked(prefix): 更新 v99.9.9
2026-08-04T06:29:35.3060710Z ##[group]点过 [更新 v] 之后
2026-08-04T06:29:58.8867160Z 元素总数=265
2026-08-04T06:29:58.8974080Z AXStaticText | CC Bridge
2026-08-04T06:29:58.9046860Z AXButton | 更新 v99.9.9
2026-08-04T06:29:58.9052740Z AXStaticText | 已连接
2026-08-04T06:29:58.9053320Z AXButton | 停止服务
2026-08-04T06:29:58.9090920Z AXButton | 切换深色
2026-08-04T06:29:58.9094840Z AXButton | 最小化
2026-08-04T06:29:58.9095360Z AXButton | 最大化
2026-08-04T06:29:58.9096060Z AXButton | 关闭窗口
2026-08-04T06:29:58.9096660Z AXButton | 连接
2026-08-04T06:29:58.9097030Z AXButton | 安全
2026-08-04T06:29:58.9097610Z AXButton | 设置
2026-08-04T06:29:58.9098100Z AXButton | 日志
2026-08-04T06:29:58.9099170Z AXButton | 关于 CC Bridge v2.3.20
2026-08-04T06:29:58.9099740Z 有新版本 v99.9.9
2026-08-04T06:29:58.9100130Z 下载安装
2026-08-04T06:29:58.9100580Z AXStaticText | 本次更新内容
2026-08-04T06:29:58.9101240Z AXStaticText | 查看详情 ›
2026-08-04T06:29:58.9101700Z AXStaticText | 技术栈
2026-08-04T06:29:58.9102530Z AXStaticText | ⚙️
2026-08-04T06:29:58.9103590Z AXStaticText | Tauri 2
2026-08-04T06:29:58.9104320Z AXStaticText | 桌面框架
2026-08-04T06:29:58.9104850Z AXStaticText | ⚛️
2026-08-04T06:29:58.9105210Z AXStaticText | React
2026-08-04T06:29:58.9106020Z AXStaticText | UI 框架
2026-08-04T06:29:58.9106860Z AXStaticText | TS
2026-08-04T06:29:58.9107550Z AXStaticText | TypeScript
2026-08-04T06:29:58.9107940Z AXStaticText | 类型安全
2026-08-04T06:29:58.9108500Z AXStaticText | 🦀
2026-08-04T06:29:58.9108940Z AXStaticText | Rust
2026-08-04T06:29:58.9109370Z AXStaticText | 后端核心
2026-08-04T06:29:58.9110040Z AXStaticText | 🔌
2026-08-04T06:29:58.9110410Z AXStaticText | MCP
2026-08-04T06:29:58.9110760Z AXStaticText | 模型上下文
2026-08-04T06:29:58.9111520Z AXStaticText | ⚡
2026-08-04T06:29:58.9112000Z AXStaticText | Vite
2026-08-04T06:29:58.9112340Z AXStaticText | 构建工具
2026-08-04T06:29:58.9113130Z AXStaticText | 项目信息
2026-08-04T06:29:58.9119300Z AXStaticText | 作者
2026-08-04T06:29:58.9119750Z AXStaticText | lzlkyb
2026-08-04T06:29:58.9120180Z AXStaticText | 开源协议
2026-08-04T06:29:58.9126800Z AXStaticText | MIT
2026-08-04T06:29:58.9127100Z AXStaticText | 仓库地址
2026-08-04T06:29:58.9127460Z AXButton | GitHub ↗
2026-08-04T06:29:58.9127970Z AXStaticText | 简介
2026-08-04T06:29:58.9128500Z AXStaticText | 本地 MCP 桥接桌面工具
2026-08-04T06:29:58.9128820Z AXStaticText | 更新历史
2026-08-04T06:29:58.9129200Z AXStaticText | v
2026-08-04T06:29:58.9129520Z AXStaticText | 2.3.20
2026-08-04T06:29:58.9129900Z AXStaticText | 2026-08-03
2026-08-04T06:29:58.9130270Z AXStaticText | 最新
2026-08-04T06:29:58.9130700Z AXStaticText | 修复
2026-08-04T06:29:58.9131910Z AXStaticText | 后台有个线程会长期占满一个 CPU 核心，现已修复；同一个问题还让「IP 变化提示」一直没能生效，也一并修好
2026-08-04T06:29:58.9132280Z AXStaticText | 修复
2026-08-04T06:29:58.9132790Z AXStaticText | 命令超时后不再丢弃已经跑出来的输出，默认超时也从 30 秒放宽到 2 分钟
2026-08-04T06:29:58.9133150Z AXStaticText | 修复
2026-08-04T06:29:58.9133670Z AXStaticText | 修好三个远程工具参数「传了不生效」的问题：命令超时、输出上限、批量操作出错是否中断
2026-08-04T06:29:58.9134170Z AXStaticText | 改进
2026-08-04T06:29:58.9134620Z AXStaticText | 窗口收进托盘或最小化后，各类后台轮询与常驻动画全部暂停，不再空耗 CPU
2026-08-04T06:29:58.9134940Z AXStaticText | 改进
2026-08-04T06:29:58.9135300Z AXStaticText | 数据库日志文件从约 4MB 收回到 0，启动更快
2026-08-04T06:29:58.9135640Z AXStaticText | 改进
2026-08-04T06:29:58.9135960Z AXStaticText | 刷新状态时的界面重绘范围大幅收窄，日志翻页也更省内存
2026-08-04T06:29:58.9136290Z AXStaticText | 改进
2026-08-04T06:29:58.9138080Z AXStaticText | 一个线程常驻跑满一个 CPU 核：`ip_watch.rs` 用 winsock2 `SIO_ADDRESS_LIST_CHANGE` ioctl 监听地址变化，并把 `-1 + WSAEFAULT(10014)` 当成「地址已变化 / 有数据准备好」。实机探针测得该调用在 `cbOutBuffer=0` 时 0.000ms 立即返回 WSAEFAULT —— WSAEFAULT 意为「输出缓冲区参数无效」，即 ioctl 直接失败、通知根本没挂上。于是那个 `loop` 每秒空转数百万次（实测单线程 101.3% 单核，进程合计 125%）。改用 iphlpapi `NotifyAddrChange(NULL, NULL)`（同步阻塞，已用探针验证真的会阻塞）。
2026-08-04T06:29:58.9139210Z AXStaticText | 改进
2026-08-04T06:29:58.9140220Z AXStaticText | IP 变化检测实际上一直是死的（上一条的连带后果）：假事件洪流让防抖的无限吸收循环 `while timeout(600ms, rx.recv()).is_ok()` 恒真、永不退出，其后的 `refresh_lan_ips` 与托盘提示从来执行不到（只有 5s 轮询那条兜底路径在工作）。现吸收循环加上限（最多 32 条）。
2026-08-04T06:29:58.9140910Z AXStaticText | 改进
2026-08-04T06:29:58.9142520Z AXStaticText | 命令超时就什么都拿不到：`run_command` 超时分支里 `stdout`/`stderr` 是硬编码的空串，已跑出来的输出全部丢弃。按 1281 条真实审计记录，141 次（11%）撞到了 30s 默认超时（而 p50 只有 1125ms，被截断的都是 cargo build 这类长命令）——编译跑了半分钟、报错都刷出来了，调用方却只拿到一个空结果。现默认超时提到 120s，且超时时会等读取线程把缓冲区吐完（最多 100 × 2ms），把真实输出连同 truncated 标记一起带回，并附提示引导长任务用 `background: true`。新增两条回归测试锁住行为。（注：这不等于「超时自动转后台」，那仍待做。）
2026-08-04T06:29:58.9143420Z AXStaticText | 改进
2026-08-04T06:29:58.9146330Z AXStaticText | 三个 MCP 工具参数一直是失效的（传了等于没传）：`run_command` 的 `timeoutMs` / `maxOutputBytes` 与 `batch` 的 `stopOnError`，在工具 schema 里被暴露成 snake_case（`timeout_ms` 等），而服务端反序列化只认 camelCase——于是调用方按 schema 传参会被静默忽略、永远回落默认值（实际踩到：传 `timeout_ms: 180000` 仍按默认超时结束）；另 `search_files` 的 `maxResults` 被误标成必填。根因在 `ToolSchema` 衍生宏：`parse_nested_meta` 的回调未把非目标项的 `= value` 消费掉，解析在第一个不关心的带值项处就报错并被吞，属性里后续项全部读不到（具体丢 `rename` 还是丢 `default` 取决于两者的书写顺序，所以症状看上去毫无规律）。现改为对所有带值项统一先吃下值再取用，并补两条断言 schema 形状的回归测试（这类 bug 不报错、不失败构建）。注：这会使上述参数名在 schema 里改为 camelCase，但它们原本传了也无效，不存在有效依赖。
2026-08-04T06:29:58.9147790Z AXStaticText | 改进
2026-08-04T06:29:58.9148410Z AXStaticText | 新增两道护栏防止同类问题再现：通知 API 返回非预期值时强制退避 2s（绝不空转）；事件频率硬限流 ≤ 5 次/秒。即使将来 API 行为再变，最坏也只退化成每 200ms 一次，不会再烧掉一个核。
2026-08-04T06:29:58.9149050Z AXStaticText | 改进
2026-08-04T06:29:58.9151520Z AXStaticText | 前端常驻脉冲点从动画 `box-shadow`（每帧重绘，且紧邻 `backdrop-filter` 元素会连带大面积背景重新模糊）改为伪元素的 `transform + opacity` 涟漪（纯合成）；`indet-slide` 从动画 `left`（每帧布局）改为 `transform: translateX`；删掉死代码 `uptime-flash` / `.hero-uptime--live`。新增「窗口不可见时暂停全部动画」机制（`data-app-hidden` + `hooks/useAppHiddenFlag.ts`，Rust 侧在托盘 toggle / 托盘菜单显示 / 关窗收托盘 / OS 最小化四处发 `app:visibility`）。暂停范围只限于 7 个常驻 `infinite` 动画，不碰 transition 与一次性入场动画——最初写成 `*` 加 `transition: none !important`，实际跑起来整页白屏（会把正在入场的元素永久冻在 `opacity: 0`），已改窄并在 CSS 里留下警告。另：早前“暂停未生效”的结论已被推翻（那次测量未受控，见清单 M10），信号计算现有单测兜底；但真实 CPU 收益仍待受控复测。
2026-08-04T06:29:58.9153050Z AXStaticText | 改进
2026-08-04T06:29:58.9154280Z AXStaticText | `ip_watch::spawn` 不再返回 `UdpSocket`（改用 `NotifyAddrChange` 后不再需要用 socket 关闭作为停止信号）；线程以 `tx.send` 失败作为退出条件。
2026-08-04T06:29:58.9154820Z AXStaticText | 改进
2026-08-04T06:29:58.9155830Z AXStaticText | 新增 `desktop/src-tauri/ip_watch_probe.rs`（独立诊断工具，不在 `src/` 下、不参与 Cargo 构建）：一次性验证两个通知 API 的阻塞行为，以后怀疑同类问题直接 `rustc ip_watch_probe.rs -O -o ip_watch_probe.exe` 跑一次即可。
2026-08-04T06:29:58.9156410Z AXStaticText | 改进
2026-08-04T06:29:58.9157760Z AXStaticText | 日志面板取一页不再克隆全量：`audit.rs` 的 `read_page` 原先把缓存里整份 4898 条 / 5.2MB 的解析结果 `clone()` 一份（另有一次 `parsed.clone()`），而调用方只要几十条；前端 10s 轮询一次，即每 10s 白白克隆再丢弃两份 5MB。现改为 `page_slice()` 只克隆本页。（`AUDIT_CACHE` 本身常驻内存的问题仍在，待做。）
2026-08-04T06:29:58.9158580Z AXStaticText | 改进
2026-08-04T06:29:58.9160990Z AXStaticText | WAL 文件从 3.94MB 降到 0：实测 `cc-bridge.db` 仅 448KB 而 `cc-bridge.db-wal` 高达 4.13MB——SQLite 默认 `wal_autocheckpoint` 是 1000 页（≈4MB），而本应用写入量小、进程常驻，几乎碰不到该阀值。修法分两层：① `wal_autocheckpoint` 设为 256 页（≈1MB 就回写）防它继续长，不设更小是因为太小会把随机写变成频繁 fsync；② 光有①不够——autocheckpoint 只把内容回写主库并重置写指针复用同一个文件，从不缩小文件本身（实测只加①重启后 WAL 依旧 4.13MB），所以又在启动时补一次 `wal_checkpoint(TRUNCATE)` 把残留 WAL 截到 0。实测：WAL 4132392 → 0 bytes、主库 +16KB（内容回写），净省 3.94MB，并减少每次启动的 WAL replay。
2026-08-04T06:29:58.9164650Z AXStaticText | 改进
2026-08-04T06:29:58.9167760Z AXStaticText | 5s 状态轮询不再连带重渲染整个 Tab：有 8 个组件直接吃 `status`，而 `uptimeSeconds` / `stats` 每 5s 必变 → 顶层引用必然是新的，包 `memo` 也挡不住（react-query 的 structuralSharing 只保得住未变字段的引用，救不了顶层对象）。现按变化频率拆订阅：新增 `StaticStatus` / `LiveStatus` 两个类型，主查询用 `select` 剔掉高频字段，`ConnectHero` 用同一 `queryKey` 自行订阅那两个字段（共享缓存，不多发请求），秒级变化只重渲染它自己。注：重渲染范围尚未用 React DevTools 实测确认。
2026-08-04T06:29:58.9168930Z AXStaticText | 改进
2026-08-04T06:29:58.9170640Z AXStaticText | 窗口收进托盘后不再空转轮询：以前窗口不可见时，8 处轮询依旧全速跑——状态（5s）、审计日志（10s）、防火墙诊断（30s）、后台命令列表与输出（各 3s）、运行时长跳秒（1s），其中最重的是状态轮询里带的可达性探针（真开一次 TCP 连接，200ms 超时）。现全部随窗口可见性断流，恢复可见那一刻立即补一次而不干等周期。新增 `lib/appVisibility.ts`（模块级 store + `useSyncExternalStore`）把可见性从“只写 DOM 属性”升级为 React 可订阅状态，并配 6 条单测。一次性倒计时（IP 变化提示）与小时级更新检查有意不断。
2026-08-04T06:29:58.9171500Z AXStaticText | 改进
2026-08-04T06:29:58.9183620Z AXStaticText | 状态查询不再用读锁罩住磁盘与网络 I/O：`get_status` 的 `config` 读锁原本从函数开头一路罩到末尾，横跨了首次防火墙查询（netsh，可达数百 ms）、可达性探针（最长 200ms）与备份目录枚举，于是前端每 5s 轮询一次就造出一个最长 200ms+ 的窗口，期间在设置页改任何配置都得排队等锁。现拆为「短锁取字段 → 锁外做慢操作 → 再取锁读剩下」，锁持有时间降到微秒级。（附：同时用探针实测排除了两个怀疑——备份目录统计在 1230 个文件下只 2.3ms，bash 探测已有缓存，两者都不是瓶颈。）
2026-08-04T06:29:58.9184800Z AXButton | 查看更多版本 (9)
2026-08-04T06:29:58.9185930Z AXStaticText | © 2026 CC Bridge · MIT License · by 
2026-08-04T06:29:58.9186300Z AXStaticText | lzlkyb
2026-08-04T06:29:58.9186600Z AXStaticText | 网络
2026-08-04T06:29:58.9187320Z ##[endgroup]
2026-08-04T06:29:58.9188130Z 第一段（开弹框）点到：[OK clicked(prefix): 更新 v99.9.9]
2026-08-04T06:30:15.1161550Z   试 [下载并更新] -> OK clicked: 下载并更新
2026-08-04T06:30:18.1452560Z --- 点击后第 3s 的关键文案 ---
2026-08-04T06:30:37.8906960Z 元素总数=247
2026-08-04T06:30:37.9010630Z AXButton | 待重启
2026-08-04T06:30:37.9072540Z 已下载
2026-08-04T06:30:37.9074230Z 重启更新
2026-08-04T06:30:37.9076120Z AXStaticText | 开源协议
2026-08-04T06:30:37.9076970Z AXStaticText | 更新历史
2026-08-04T06:30:37.9078440Z AXStaticText | 数据库日志文件从约 4MB 收回到 0，启动更快
2026-08-04T06:30:37.9100360Z AXStaticText | 一个线程常驻跑满一个 CPU 核：`ip_watch.rs` 用 winsock2 `SIO_ADDRESS_LIST_CHANGE` ioctl 监听地址变化，并把 `-1 + WSAEFAULT(10014)` 当成「地址已变化 / 有数据准备好」。实机探针测得该调用在 `cbOutBuffer=0` 时 0.000ms 立即返回 WSAEFAULT —— WSAEFAULT 意为「输出缓冲区参数无效」，即 ioctl 直接失败、通知根本没挂上。于是那个 `loop` 每秒空转数百万次（实测单线程 101.3% 单核，进程合计 125%）。改用 iphlpapi `NotifyAddrChange(NULL, NULL)`（同步阻塞，已用探针验证真的会阻塞）。
2026-08-04T06:30:37.9116550Z AXStaticText | 命令超时就什么都拿不到：`run_command` 超时分支里 `stdout`/`stderr` 是硬编码的空串，已跑出来的输出全部丢弃。按 1281 条真实审计记录，141 次（11%）撞到了 30s 默认超时（而 p50 只有 1125ms，被截断的都是 cargo build 这类长命令）——编译跑了半分钟、报错都刷出来了，调用方却只拿到一个空结果。现默认超时提到 120s，且超时时会等读取线程把缓冲区吐完（最多 100 × 2ms），把真实输出连同 truncated 标记一起带回，并附提示引导长任务用 `background: true`。新增两条回归测试锁住行为。（注：这不等于「超时自动转后台」，那仍待做。）
2026-08-04T06:30:37.9120830Z AXStaticText | 三个 MCP 工具参数一直是失效的（传了等于没传）：`run_command` 的 `timeoutMs` / `maxOutputBytes` 与 `batch` 的 `stopOnError`，在工具 schema 里被暴露成 snake_case（`timeout_ms` 等），而服务端反序列化只认 camelCase——于是调用方按 schema 传参会被静默忽略、永远回落默认值（实际踩到：传 `timeout_ms: 180000` 仍按默认超时结束）；另 `search_files` 的 `maxResults` 被误标成必填。根因在 `ToolSchema` 衍生宏：`parse_nested_meta` 的回调未把非目标项的 `= value` 消费掉，解析在第一个不关心的带值项处就报错并被吞，属性里后续项全部读不到（具体丢 `rename` 还是丢 `default` 取决于两者的书写顺序，所以症状看上去毫无规律）。现改为对所有带值项统一先吃下值再取用，并补两条断言 schema 形状的回归测试（这类 bug 不报错、不失败构建）。注：这会使上述参数名在 schema 里改为 camelCase，但它们原本传了也无效，不存在有效依赖。
2026-08-04T06:30:40.9077260Z --- 点击后第 6s 的关键文案 ---
2026-08-04T06:31:01.8290680Z 元素总数=245
2026-08-04T06:31:01.8393250Z AXButton | 待重启
2026-08-04T06:31:01.8429170Z 已下载
2026-08-04T06:31:01.8429980Z 重启更新
2026-08-04T06:31:01.8430720Z AXStaticText | 开源协议
2026-08-04T06:31:01.8431230Z AXStaticText | 更新历史
2026-08-04T06:31:01.8432820Z AXStaticText | 数据库日志文件从约 4MB 收回到 0，启动更快
2026-08-04T06:31:01.8435590Z AXStaticText | 一个线程常驻跑满一个 CPU 核：`ip_watch.rs` 用 winsock2 `SIO_ADDRESS_LIST_CHANGE` ioctl 监听地址变化，并把 `-1 + WSAEFAULT(10014)` 当成「地址已变化 / 有数据准备好」。实机探针测得该调用在 `cbOutBuffer=0` 时 0.000ms 立即返回 WSAEFAULT —— WSAEFAULT 意为「输出缓冲区参数无效」，即 ioctl 直接失败、通知根本没挂上。于是那个 `loop` 每秒空转数百万次（实测单线程 101.3% 单核，进程合计 125%）。改用 iphlpapi `NotifyAddrChange(NULL, NULL)`（同步阻塞，已用探针验证真的会阻塞）。
2026-08-04T06:31:01.8438730Z AXStaticText | 命令超时就什么都拿不到：`run_command` 超时分支里 `stdout`/`stderr` 是硬编码的空串，已跑出来的输出全部丢弃。按 1281 条真实审计记录，141 次（11%）撞到了 30s 默认超时（而 p50 只有 1125ms，被截断的都是 cargo build 这类长命令）——编译跑了半分钟、报错都刷出来了，调用方却只拿到一个空结果。现默认超时提到 120s，且超时时会等读取线程把缓冲区吐完（最多 100 × 2ms），把真实输出连同 truncated 标记一起带回，并附提示引导长任务用 `background: true`。新增两条回归测试锁住行为。（注：这不等于「超时自动转后台」，那仍待做。）
2026-08-04T06:31:01.8442040Z AXStaticText | 三个 MCP 工具参数一直是失效的（传了等于没传）：`run_command` 的 `timeoutMs` / `maxOutputBytes` 与 `batch` 的 `stopOnError`，在工具 schema 里被暴露成 snake_case（`timeout_ms` 等），而服务端反序列化只认 camelCase——于是调用方按 schema 传参会被静默忽略、永远回落默认值（实际踩到：传 `timeout_ms: 180000` 仍按默认超时结束）；另 `search_files` 的 `maxResults` 被误标成必填。根因在 `ToolSchema` 衍生宏：`parse_nested_meta` 的回调未把非目标项的 `= value` 消费掉，解析在第一个不关心的带值项处就报错并被吞，属性里后续项全部读不到（具体丢 `rename` 还是丢 `default` 取决于两者的书写顺序，所以症状看上去毫无规律）。现改为对所有带值项统一先吃下值再取用，并补两条断言 schema 形状的回归测试（这类 bug 不报错、不失败构建）。注：这会使上述参数名在 schema 里改为 camelCase，但它们原本传了也无效，不存在有效依赖。
2026-08-04T06:31:04.8550100Z --- 点击后第 9s 的关键文案 ---
2026-08-04T06:31:26.4930260Z 元素总数=245
2026-08-04T06:31:26.4940210Z AXButton | 待重启
2026-08-04T06:31:26.4983010Z 已下载
2026-08-04T06:31:26.4984020Z 重启更新
2026-08-04T06:31:26.4984790Z AXStaticText | 开源协议
2026-08-04T06:31:26.4994240Z AXStaticText | 更新历史
2026-08-04T06:31:26.4994760Z AXStaticText | 数据库日志文件从约 4MB 收回到 0，启动更快
2026-08-04T06:31:26.4996750Z AXStaticText | 一个线程常驻跑满一个 CPU 核：`ip_watch.rs` 用 winsock2 `SIO_ADDRESS_LIST_CHANGE` ioctl 监听地址变化，并把 `-1 + WSAEFAULT(10014)` 当成「地址已变化 / 有数据准备好」。实机探针测得该调用在 `cbOutBuffer=0` 时 0.000ms 立即返回 WSAEFAULT —— WSAEFAULT 意为「输出缓冲区参数无效」，即 ioctl 直接失败、通知根本没挂上。于是那个 `loop` 每秒空转数百万次（实测单线程 101.3% 单核，进程合计 125%）。改用 iphlpapi `NotifyAddrChange(NULL, NULL)`（同步阻塞，已用探针验证真的会阻塞）。
2026-08-04T06:31:26.4999960Z AXStaticText | 命令超时就什么都拿不到：`run_command` 超时分支里 `stdout`/`stderr` 是硬编码的空串，已跑出来的输出全部丢弃。按 1281 条真实审计记录，141 次（11%）撞到了 30s 默认超时（而 p50 只有 1125ms，被截断的都是 cargo build 这类长命令）——编译跑了半分钟、报错都刷出来了，调用方却只拿到一个空结果。现默认超时提到 120s，且超时时会等读取线程把缓冲区吐完（最多 100 × 2ms），把真实输出连同 truncated 标记一起带回，并附提示引导长任务用 `background: true`。新增两条回归测试锁住行为。（注：这不等于「超时自动转后台」，那仍待做。）
2026-08-04T06:31:26.5003640Z AXStaticText | 三个 MCP 工具参数一直是失效的（传了等于没传）：`run_command` 的 `timeoutMs` / `maxOutputBytes` 与 `batch` 的 `stopOnError`，在工具 schema 里被暴露成 snake_case（`timeout_ms` 等），而服务端反序列化只认 camelCase——于是调用方按 schema 传参会被静默忽略、永远回落默认值（实际踩到：传 `timeout_ms: 180000` 仍按默认超时结束）；另 `search_files` 的 `maxResults` 被误标成必填。根因在 `ToolSchema` 衍生宏：`parse_nested_meta` 的回调未把非目标项的 `= value` 消费掉，解析在第一个不关心的带值项处就报错并被吞，属性里后续项全部读不到（具体丢 `rename` 还是丢 `default` 取决于两者的书写顺序，所以症状看上去毫无规律）。现改为对所有带值项统一先吃下值再取用，并补两条断言 schema 形状的回归测试（这类 bug 不报错、不失败构建）。注：这会使上述参数名在 schema 里改为 camelCase，但它们原本传了也无效，不存在有效依赖。
2026-08-04T06:31:29.6399520Z --- 点击后第 12s 的关键文案 ---
2026-08-04T06:31:52.2418930Z 元素总数=245
2026-08-04T06:31:52.2460640Z AXButton | 待重启
2026-08-04T06:31:52.2461400Z 已下载
2026-08-04T06:31:52.2461850Z 重启更新
2026-08-04T06:31:52.2462510Z AXStaticText | 开源协议
2026-08-04T06:31:52.2462870Z AXStaticText | 更新历史
2026-08-04T06:31:52.2463650Z AXStaticText | 数据库日志文件从约 4MB 收回到 0，启动更快
2026-08-04T06:31:52.2466990Z AXStaticText | 一个线程常驻跑满一个 CPU 核：`ip_watch.rs` 用 winsock2 `SIO_ADDRESS_LIST_CHANGE` ioctl 监听地址变化，并把 `-1 + WSAEFAULT(10014)` 当成「地址已变化 / 有数据准备好」。实机探针测得该调用在 `cbOutBuffer=0` 时 0.000ms 立即返回 WSAEFAULT —— WSAEFAULT 意为「输出缓冲区参数无效」，即 ioctl 直接失败、通知根本没挂上。于是那个 `loop` 每秒空转数百万次（实测单线程 101.3% 单核，进程合计 125%）。改用 iphlpapi `NotifyAddrChange(NULL, NULL)`（同步阻塞，已用探针验证真的会阻塞）。
2026-08-04T06:31:52.2473970Z AXStaticText | 命令超时就什么都拿不到：`run_command` 超时分支里 `stdout`/`stderr` 是硬编码的空串，已跑出来的输出全部丢弃。按 1281 条真实审计记录，141 次（11%）撞到了 30s 默认超时（而 p50 只有 1125ms，被截断的都是 cargo build 这类长命令）——编译跑了半分钟、报错都刷出来了，调用方却只拿到一个空结果。现默认超时提到 120s，且超时时会等读取线程把缓冲区吐完（最多 100 × 2ms），把真实输出连同 truncated 标记一起带回，并附提示引导长任务用 `background: true`。新增两条回归测试锁住行为。（注：这不等于「超时自动转后台」，那仍待做。）
2026-08-04T06:31:52.2478010Z AXStaticText | 三个 MCP 工具参数一直是失效的（传了等于没传）：`run_command` 的 `timeoutMs` / `maxOutputBytes` 与 `batch` 的 `stopOnError`，在工具 schema 里被暴露成 snake_case（`timeout_ms` 等），而服务端反序列化只认 camelCase——于是调用方按 schema 传参会被静默忽略、永远回落默认值（实际踩到：传 `timeout_ms: 180000` 仍按默认超时结束）；另 `search_files` 的 `maxResults` 被误标成必填。根因在 `ToolSchema` 衍生宏：`parse_nested_meta` 的回调未把非目标项的 `= value` 消费掉，解析在第一个不关心的带值项处就报错并被吞，属性里后续项全部读不到（具体丢 `rename` 还是丢 `default` 取决于两者的书写顺序，所以症状看上去毫无规律）。现改为对所有带值项统一先吃下值再取用，并补两条断言 schema 形状的回归测试（这类 bug 不报错、不失败构建）。注：这会使上述参数名在 schema 里改为 camelCase，但它们原本传了也无效，不存在有效依赖。
2026-08-04T06:31:55.3966110Z --- 点击后第 15s 的关键文案 ---
2026-08-04T06:32:18.0241940Z 元素总数=245
2026-08-04T06:32:18.0309840Z AXButton | 待重启
2026-08-04T06:32:18.0310490Z 已下载
2026-08-04T06:32:18.0310930Z 重启更新
2026-08-04T06:32:18.0311520Z AXStaticText | 开源协议
2026-08-04T06:32:18.0311860Z AXStaticText | 更新历史
2026-08-04T06:32:18.0312400Z AXStaticText | 数据库日志文件从约 4MB 收回到 0，启动更快
2026-08-04T06:32:18.0314630Z AXStaticText | 一个线程常驻跑满一个 CPU 核：`ip_watch.rs` 用 winsock2 `SIO_ADDRESS_LIST_CHANGE` ioctl 监听地址变化，并把 `-1 + WSAEFAULT(10014)` 当成「地址已变化 / 有数据准备好」。实机探针测得该调用在 `cbOutBuffer=0` 时 0.000ms 立即返回 WSAEFAULT —— WSAEFAULT 意为「输出缓冲区参数无效」，即 ioctl 直接失败、通知根本没挂上。于是那个 `loop` 每秒空转数百万次（实测单线程 101.3% 单核，进程合计 125%）。改用 iphlpapi `NotifyAddrChange(NULL, NULL)`（同步阻塞，已用探针验证真的会阻塞）。
2026-08-04T06:32:18.0318410Z AXStaticText | 命令超时就什么都拿不到：`run_command` 超时分支里 `stdout`/`stderr` 是硬编码的空串，已跑出来的输出全部丢弃。按 1281 条真实审计记录，141 次（11%）撞到了 30s 默认超时（而 p50 只有 1125ms，被截断的都是 cargo build 这类长命令）——编译跑了半分钟、报错都刷出来了，调用方却只拿到一个空结果。现默认超时提到 120s，且超时时会等读取线程把缓冲区吐完（最多 100 × 2ms），把真实输出连同 truncated 标记一起带回，并附提示引导长任务用 `background: true`。新增两条回归测试锁住行为。（注：这不等于「超时自动转后台」，那仍待做。）
2026-08-04T06:32:18.0322550Z AXStaticText | 三个 MCP 工具参数一直是失效的（传了等于没传）：`run_command` 的 `timeoutMs` / `maxOutputBytes` 与 `batch` 的 `stopOnError`，在工具 schema 里被暴露成 snake_case（`timeout_ms` 等），而服务端反序列化只认 camelCase——于是调用方按 schema 传参会被静默忽略、永远回落默认值（实际踩到：传 `timeout_ms: 180000` 仍按默认超时结束）；另 `search_files` 的 `maxResults` 被误标成必填。根因在 `ToolSchema` 衍生宏：`parse_nested_meta` 的回调未把非目标项的 `= value` 消费掉，解析在第一个不关心的带值项处就报错并被吞，属性里后续项全部读不到（具体丢 `rename` 还是丢 `default` 取决于两者的书写顺序，所以症状看上去毫无规律）。现改为对所有带值项统一先吃下值再取用，并补两条断言 schema 形状的回归测试（这类 bug 不报错、不失败构建）。注：这会使上述参数名在 schema 里改为 camelCase，但它们原本传了也无效，不存在有效依赖。
2026-08-04T06:32:21.1683290Z --- 点击后第 18s 的关键文案 ---
2026-08-04T06:32:43.6095700Z 元素总数=245
2026-08-04T06:32:43.6171730Z AXButton | 待重启
2026-08-04T06:32:43.6172120Z 已下载
2026-08-04T06:32:43.6172650Z 重启更新
2026-08-04T06:32:43.6173100Z AXStaticText | 开源协议
2026-08-04T06:32:43.6173480Z AXStaticText | 更新历史
2026-08-04T06:32:43.6174790Z AXStaticText | 数据库日志文件从约 4MB 收回到 0，启动更快
2026-08-04T06:32:43.6176840Z AXStaticText | 一个线程常驻跑满一个 CPU 核：`ip_watch.rs` 用 winsock2 `SIO_ADDRESS_LIST_CHANGE` ioctl 监听地址变化，并把 `-1 + WSAEFAULT(10014)` 当成「地址已变化 / 有数据准备好」。实机探针测得该调用在 `cbOutBuffer=0` 时 0.000ms 立即返回 WSAEFAULT —— WSAEFAULT 意为「输出缓冲区参数无效」，即 ioctl 直接失败、通知根本没挂上。于是那个 `loop` 每秒空转数百万次（实测单线程 101.3% 单核，进程合计 125%）。改用 iphlpapi `NotifyAddrChange(NULL, NULL)`（同步阻塞，已用探针验证真的会阻塞）。
2026-08-04T06:32:43.6179680Z AXStaticText | 命令超时就什么都拿不到：`run_command` 超时分支里 `stdout`/`stderr` 是硬编码的空串，已跑出来的输出全部丢弃。按 1281 条真实审计记录，141 次（11%）撞到了 30s 默认超时（而 p50 只有 1125ms，被截断的都是 cargo build 这类长命令）——编译跑了半分钟、报错都刷出来了，调用方却只拿到一个空结果。现默认超时提到 120s，且超时时会等读取线程把缓冲区吐完（最多 100 × 2ms），把真实输出连同 truncated 标记一起带回，并附提示引导长任务用 `background: true`。新增两条回归测试锁住行为。（注：这不等于「超时自动转后台」，那仍待做。）
2026-08-04T06:32:43.6184240Z AXStaticText | 三个 MCP 工具参数一直是失效的（传了等于没传）：`run_command` 的 `timeoutMs` / `maxOutputBytes` 与 `batch` 的 `stopOnError`，在工具 schema 里被暴露成 snake_case（`timeout_ms` 等），而服务端反序列化只认 camelCase——于是调用方按 schema 传参会被静默忽略、永远回落默认值（实际踩到：传 `timeout_ms: 180000` 仍按默认超时结束）；另 `search_files` 的 `maxResults` 被误标成必填。根因在 `ToolSchema` 衍生宏：`parse_nested_meta` 的回调未把非目标项的 `= value` 消费掉，解析在第一个不关心的带值项处就报错并被吞，属性里后续项全部读不到（具体丢 `rename` 还是丢 `default` 取决于两者的书写顺序，所以症状看上去毫无规律）。现改为对所有带值项统一先吃下值再取用，并补两条断言 schema 形状的回归测试（这类 bug 不报错、不失败构建）。注：这会使上述参数名在 schema 里改为 camelCase，但它们原本传了也无效，不存在有效依赖。
2026-08-04T06:32:46.7510960Z --- 点击后第 21s 的关键文案 ---
2026-08-04T06:33:09.8104530Z 元素总数=245
2026-08-04T06:33:09.8178170Z AXButton | 待重启
2026-08-04T06:33:09.8211670Z 已下载
2026-08-04T06:33:09.8212420Z 重启更新
2026-08-04T06:33:09.8213280Z AXStaticText | 开源协议
2026-08-04T06:33:09.8213960Z AXStaticText | 更新历史
2026-08-04T06:33:09.8215040Z AXStaticText | 数据库日志文件从约 4MB 收回到 0，启动更快
2026-08-04T06:33:09.8219960Z AXStaticText | 一个线程常驻跑满一个 CPU 核：`ip_watch.rs` 用 winsock2 `SIO_ADDRESS_LIST_CHANGE` ioctl 监听地址变化，并把 `-1 + WSAEFAULT(10014)` 当成「地址已变化 / 有数据准备好」。实机探针测得该调用在 `cbOutBuffer=0` 时 0.000ms 立即返回 WSAEFAULT —— WSAEFAULT 意为「输出缓冲区参数无效」，即 ioctl 直接失败、通知根本没挂上。于是那个 `loop` 每秒空转数百万次（实测单线程 101.3% 单核，进程合计 125%）。改用 iphlpapi `NotifyAddrChange(NULL, NULL)`（同步阻塞，已用探针验证真的会阻塞）。
2026-08-04T06:33:09.8227940Z AXStaticText | 命令超时就什么都拿不到：`run_command` 超时分支里 `stdout`/`stderr` 是硬编码的空串，已跑出来的输出全部丢弃。按 1281 条真实审计记录，141 次（11%）撞到了 30s 默认超时（而 p50 只有 1125ms，被截断的都是 cargo build 这类长命令）——编译跑了半分钟、报错都刷出来了，调用方却只拿到一个空结果。现默认超时提到 120s，且超时时会等读取线程把缓冲区吐完（最多 100 × 2ms），把真实输出连同 truncated 标记一起带回，并附提示引导长任务用 `background: true`。新增两条回归测试锁住行为。（注：这不等于「超时自动转后台」，那仍待做。）
2026-08-04T06:33:09.8236050Z AXStaticText | 三个 MCP 工具参数一直是失效的（传了等于没传）：`run_command` 的 `timeoutMs` / `maxOutputBytes` 与 `batch` 的 `stopOnError`，在工具 schema 里被暴露成 snake_case（`timeout_ms` 等），而服务端反序列化只认 camelCase——于是调用方按 schema 传参会被静默忽略、永远回落默认值（实际踩到：传 `timeout_ms: 180000` 仍按默认超时结束）；另 `search_files` 的 `maxResults` 被误标成必填。根因在 `ToolSchema` 衍生宏：`parse_nested_meta` 的回调未把非目标项的 `= value` 消费掉，解析在第一个不关心的带值项处就报错并被吞，属性里后续项全部读不到（具体丢 `rename` 还是丢 `default` 取决于两者的书写顺序，所以症状看上去毫无规律）。现改为对所有带值项统一先吃下值再取用，并补两条断言 schema 形状的回归测试（这类 bug 不报错、不失败构建）。注：这会使上述参数名在 schema 里改为 camelCase，但它们原本传了也无效，不存在有效依赖。
2026-08-04T06:33:12.8356550Z --- 点击后第 24s 的关键文案 ---
2026-08-04T06:33:36.3794790Z 元素总数=245
2026-08-04T06:33:36.3884880Z AXButton | 待重启
2026-08-04T06:33:36.3987630Z 已下载
2026-08-04T06:33:36.4089730Z 重启更新
2026-08-04T06:33:36.4160220Z AXStaticText | 开源协议
2026-08-04T06:33:36.4163020Z AXStaticText | 更新历史
2026-08-04T06:33:36.4165850Z AXStaticText | 数据库日志文件从约 4MB 收回到 0，启动更快
2026-08-04T06:33:36.4172520Z AXStaticText | 一个线程常驻跑满一个 CPU 核：`ip_watch.rs` 用 winsock2 `SIO_ADDRESS_LIST_CHANGE` ioctl 监听地址变化，并把 `-1 + WSAEFAULT(10014)` 当成「地址已变化 / 有数据准备好」。实机探针测得该调用在 `cbOutBuffer=0` 时 0.000ms 立即返回 WSAEFAULT —— WSAEFAULT 意为「输出缓冲区参数无效」，即 ioctl 直接失败、通知根本没挂上。于是那个 `loop` 每秒空转数百万次（实测单线程 101.3% 单核，进程合计 125%）。改用 iphlpapi `NotifyAddrChange(NULL, NULL)`（同步阻塞，已用探针验证真的会阻塞）。
2026-08-04T06:33:36.4187930Z AXStaticText | 命令超时就什么都拿不到：`run_command` 超时分支里 `stdout`/`stderr` 是硬编码的空串，已跑出来的输出全部丢弃。按 1281 条真实审计记录，141 次（11%）撞到了 30s 默认超时（而 p50 只有 1125ms，被截断的都是 cargo build 这类长命令）——编译跑了半分钟、报错都刷出来了，调用方却只拿到一个空结果。现默认超时提到 120s，且超时时会等读取线程把缓冲区吐完（最多 100 × 2ms），把真实输出连同 truncated 标记一起带回，并附提示引导长任务用 `background: true`。新增两条回归测试锁住行为。（注：这不等于「超时自动转后台」，那仍待做。）
2026-08-04T06:33:36.4202600Z AXStaticText | 三个 MCP 工具参数一直是失效的（传了等于没传）：`run_command` 的 `timeoutMs` / `maxOutputBytes` 与 `batch` 的 `stopOnError`，在工具 schema 里被暴露成 snake_case（`timeout_ms` 等），而服务端反序列化只认 camelCase——于是调用方按 schema 传参会被静默忽略、永远回落默认值（实际踩到：传 `timeout_ms: 180000` 仍按默认超时结束）；另 `search_files` 的 `maxResults` 被误标成必填。根因在 `ToolSchema` 衍生宏：`parse_nested_meta` 的回调未把非目标项的 `= value` 消费掉，解析在第一个不关心的带值项处就报错并被吞，属性里后续项全部读不到（具体丢 `rename` 还是丢 `default` 取决于两者的书写顺序，所以症状看上去毫无规律）。现改为对所有带值项统一先吃下值再取用，并补两条断言 schema 形状的回归测试（这类 bug 不报错、不失败构建）。注：这会使上述参数名在 schema 里改为 camelCase，但它们原本传了也无效，不存在有效依赖。
2026-08-04T06:33:36.4207860Z 第二段（确认下载）点到：[OK clicked: 下载并更新]
2026-08-04T06:33:36.6976480Z ##[endgroup]
2026-08-04T06:33:36.7021050Z ##[group]5) 等替换完成（标记文件出现即硬证据）
2026-08-04T06:33:36.7073700Z ✅ 第 1s 发现标记文件 —— .app 真的被替换了
2026-08-04T06:33:36.7191700Z   标记内容=CI-UPDATE-OK-30883718367（期望=��
2026-08-04T06:33:36.7725650Z   新版本号=99.9.9
2026-08-04T06:33:36.9345360Z ##[endgroup]
2026-08-04T06:33:36.9373840Z ##[group]6) 重启新版 —— N11 的核心问题：更新后能不能打开
2026-08-04T06:33:41.2419530Z .github/scripts/mac-updater-e2e.sh: line 301:  7783 Terminated: 15          RUST_LOG="info,tauri_plugin_updater=trace" CCBRIDGE_UPDATE_ENDPOINT="$ENDPOINT" "$BIN" > "$RUNNER_TEMP/app-upd.log" 2>&1
2026-08-04T06:33:41.2422180Z 更新后的包签名与 Gatekeeper：
2026-08-04T06:33:41.3563970Z /Users/runner/work/cc-bridge/cc-bridge/desktop/src-tauri/target/release/bundle/macos/cc-bridge.app: valid on disk
2026-08-04T06:33:41.3566990Z /Users/runner/work/cc-bridge/cc-bridge/desktop/src-tauri/target/release/bundle/macos/cc-bridge.app: satisfies its Designated Requirement
2026-08-04T06:33:41.3569720Z   codesign verify exit=0
2026-08-04T06:33:41.3621650Z   （上面为空 = 无 quarantine，这正是「更新后不会被 Gatekeeper 拦」的关键）
2026-08-04T06:33:42.5817230Z ✅ 更新后重启成功，/health 200（第 2s）—— N11 的核心风险不成立
2026-08-04T06:33:42.6875340Z ##[endgroup]
2026-08-04T06:33:42.6876670Z ##[group]应用日志（更新过程）
2026-08-04T06:33:42.7115420Z [2026-08-04T06:26:20Z INFO  cc_bridge_desktop] Updater 插件已启用（更新源默认 tauri.conf.json 的 plugins.updater.endpoints，可用环境变量 CCBRIDGE_UPDATE_ENDPOINT 覆盖）
2026-08-04T06:33:42.7117600Z .github/scripts/mac-updater-e2e.sh: line 323: 18196 Terminated: 15          "$APP/Contents/MacOS/$(/usr/libexec/PlistBuddy -c 'Print :CFBundleExecutable' "$APP/Contents/Info.plist")" > "$RUNNER_TEMP/app-after-upd.log" 2>&1
2026-08-04T06:33:42.7119250Z [2026-08-04T06:26:20Z INFO  cc_bridge_desktop::mcp::http] MCP HTTP server listening on 0.0.0.0:7823
2026-08-04T06:33:42.7120850Z [2026-08-04T06:26:23Z DEBUG tauri_plugin_updater::updater] checking for updates https://github.com/lzlkyb/cc-bridge/releases/download/ci-updater-test-30883718367/updater.json
2026-08-04T06:33:42.7129210Z [2026-08-04T06:26:24Z DEBUG tauri_plugin_updater::updater] update response: Object {"notes": String("CI 自动更新链路测试"), "platforms": Object {"darwin-aarch64": Object {"signature": String("dW50cnVzdGVkIGNvbW1lbnQ6IHNpZ25hdHVyZSBmcm9tIHRhdXJpIHNlY3JldCBrZXkKUlVUMjNubG96cmxtOE5MZnE0U3ZPRmxqenMxdlN0aWtEN3MrMEFXK0Y0c2lDbmdtYU9NeWFUckdNU0pkL0ZXOFlXcmFSN2ZYcU1yWGIvbnVTWjJNZTQvMjJkUE0yZnhYTkFvPQp0cnVzdGVkIGNvbW1lbnQ6IHRpbWVzdGFtcDoxNzg1ODI0NzczCWZpbGU6Y2MtYnJpZGdlLW5ldy5hcHAudGFyLmd6Cnc0NGs3QUs2WlQ5bUNSM3h1cDAzMGN2YjY2My8xQ2k1aXBpMUdlcWVPTW9LaEZTNXFlcUxZU3IvK29uOEI4Q1VRVzhjeE9KQjYyMFFZWUdyd01XbkFnPT0K"), "url": String("https://github.com/lzlkyb/cc-bridge/releases/download/ci-updater-test-30883718367/cc-bridge-new.app.tar.gz")}}, "version": String("99.9.9")}
2026-08-04T06:33:42.7139410Z [2026-08-04T06:26:24Z DEBUG tauri_plugin_updater::updater] parsed release response RemoteRelease { version: Version { major: 99, minor: 9, patch: 9 }, notes: Some("CI 自动更新链路测试"), pub_date: None, data: Static { platforms: {"darwin-aarch64": ReleaseManifestPlatform { url: Url { scheme: "https", cannot_be_a_base: false, username: "", password: None, host: Some(Domain("github.com")), port: None, path: "/lzlkyb/cc-bridge/releases/download/ci-updater-test-30883718367/cc-bridge-new.app.tar.gz", query: None, fragment: None }, signature: "dW50cnVzdGVkIGNvbW1lbnQ6IHNpZ25hdHVyZSBmcm9tIHRhdXJpIHNlY3JldCBrZXkKUlVUMjNubG96cmxtOE5MZnE0U3ZPRmxqenMxdlN0aWtEN3MrMEFXK0Y0c2lDbmdtYU9NeWFUckdNU0pkL0ZXOFlXcmFSN2ZYcU1yWGIvbnVTWjJNZTQvMjJkUE0yZnhYTkFvPQp0cnVzdGVkIGNvbW1lbnQ6IHRpbWVzdGFtcDoxNzg1ODI0NzczCWZpbGU6Y2MtYnJpZGdlLW5ldy5hcHAudGFyLmd6Cnc0NGs3QUs2WlQ5bUNSM3h1cDAzMGN2YjY2My8xQ2k1aXBpMUdlcWVPTW9LaEZTNXFlcUxZU3IvK29uOEI4Q1VRVzhjeE9KQjYyMFFZWUdyd01XbkFnPT0K" }} } }
2026-08-04T06:33:42.7144330Z [2026-08-04T06:26:24Z DEBUG tauri_plugin_updater::updater] Searching for updater target 'darwin-aarch64-app' in release data
2026-08-04T06:33:42.7145190Z [2026-08-04T06:26:24Z DEBUG tauri_plugin_updater::updater] Searching for updater target 'darwin-aarch64' in release data
2026-08-04T06:33:42.7146460Z [2026-08-04T06:30:15Z DEBUG tauri_plugin_updater::updater] checking for updates https://github.com/lzlkyb/cc-bridge/releases/download/ci-updater-test-30883718367/updater.json
2026-08-04T06:33:42.7151890Z [2026-08-04T06:30:15Z DEBUG tauri_plugin_updater::updater] update response: Object {"notes": String("CI 自动更新链路测试"), "platforms": Object {"darwin-aarch64": Object {"signature": String("dW50cnVzdGVkIGNvbW1lbnQ6IHNpZ25hdHVyZSBmcm9tIHRhdXJpIHNlY3JldCBrZXkKUlVUMjNubG96cmxtOE5MZnE0U3ZPRmxqenMxdlN0aWtEN3MrMEFXK0Y0c2lDbmdtYU9NeWFUckdNU0pkL0ZXOFlXcmFSN2ZYcU1yWGIvbnVTWjJNZTQvMjJkUE0yZnhYTkFvPQp0cnVzdGVkIGNvbW1lbnQ6IHRpbWVzdGFtcDoxNzg1ODI0NzczCWZpbGU6Y2MtYnJpZGdlLW5ldy5hcHAudGFyLmd6Cnc0NGs3QUs2WlQ5bUNSM3h1cDAzMGN2YjY2My8xQ2k1aXBpMUdlcWVPTW9LaEZTNXFlcUxZU3IvK29uOEI4Q1VRVzhjeE9KQjYyMFFZWUdyd01XbkFnPT0K"), "url": String("https://github.com/lzlkyb/cc-bridge/releases/download/ci-updater-test-30883718367/cc-bridge-new.app.tar.gz")}}, "version": String("99.9.9")}
2026-08-04T06:33:42.7162920Z [2026-08-04T06:30:15Z DEBUG tauri_plugin_updater::updater] parsed release response RemoteRelease { version: Version { major: 99, minor: 9, patch: 9 }, notes: Some("CI 自动更新链路测试"), pub_date: None, data: Static { platforms: {"darwin-aarch64": ReleaseManifestPlatform { url: Url { scheme: "https", cannot_be_a_base: false, username: "", password: None, host: Some(Domain("github.com")), port: None, path: "/lzlkyb/cc-bridge/releases/download/ci-updater-test-30883718367/cc-bridge-new.app.tar.gz", query: None, fragment: None }, signature: "dW50cnVzdGVkIGNvbW1lbnQ6IHNpZ25hdHVyZSBmcm9tIHRhdXJpIHNlY3JldCBrZXkKUlVUMjNubG96cmxtOE5MZnE0U3ZPRmxqenMxdlN0aWtEN3MrMEFXK0Y0c2lDbmdtYU9NeWFUckdNU0pkL0ZXOFlXcmFSN2ZYcU1yWGIvbnVTWjJNZTQvMjJkUE0yZnhYTkFvPQp0cnVzdGVkIGNvbW1lbnQ6IHRpbWVzdGFtcDoxNzg1ODI0NzczCWZpbGU6Y2MtYnJpZGdlLW5ldy5hcHAudGFyLmd6Cnc0NGs3QUs2WlQ5bUNSM3h1cDAzMGN2YjY2My8xQ2k1aXBpMUdlcWVPTW9LaEZTNXFlcUxZU3IvK29uOEI4Q1VRVzhjeE9KQjYyMFFZWUdyd01XbkFnPT0K" }} } }
2026-08-04T06:33:42.7168010Z [2026-08-04T06:30:15Z DEBUG tauri_plugin_updater::updater] Searching for updater target 'darwin-aarch64-app' in release data
2026-08-04T06:33:42.7169040Z [2026-08-04T06:30:15Z DEBUG tauri_plugin_updater::updater] Searching for updater target 'darwin-aarch64' in release data
2026-08-04T06:33:42.7169950Z ##[endgroup]
2026-08-04T06:33:42.7170570Z ##[group]清理临时 prerelease（不在仓库里留痕）
2026-08-04T06:33:44.0484460Z delete exit=0
2026-08-04T06:33:44.0487500Z ##[endgroup]
2026-08-04T06:33:44.0724520Z ##[group]Run set +e
2026-08-04T06:33:44.0725370Z [36;1mset +e[0m
2026-08-04T06:33:44.0726270Z [36;1mkill -TERM "$APP_PID" 2>/dev/null; sleep 2; kill -9 "$APP_PID" 2>/dev/null[0m
2026-08-04T06:33:44.0727320Z [36;1mmkdir -p "$RUNNER_TEMP/out"[0m
2026-08-04T06:33:44.0728160Z [36;1mcp "$RUNNER_TEMP"/app-*.log "$RUNNER_TEMP/out/" 2>/dev/null[0m
2026-08-04T06:33:44.0729300Z [36;1mcp -R "$RUNNER_TEMP/shots" "$RUNNER_TEMP/out/" 2>/dev/null[0m
2026-08-04T06:33:44.0730650Z [36;1mcp -R "$HOME/Library/Logs/com.ccbridge.desktop" "$RUNNER_TEMP/out/app-logs" 2>/dev/null[0m
2026-08-04T06:33:44.0731760Z [36;1mls -lR "$RUNNER_TEMP/out" 2>&1[0m
2026-08-04T06:33:44.0732710Z [36;1m# 直接把应用 stdout 打进 CI 日志：上一轮还得下载 artifact 才能看到它，[0m
2026-08-04T06:33:44.0733760Z [36;1m# 而里面的内容（updater 报错）恰好是判断前端有没有真的跑起来的关键证据。[0m
2026-08-04T06:33:44.0734560Z [36;1mecho "::group::应用 stdout（app-1.log）"[0m
2026-08-04T06:33:44.0735540Z [36;1mcat "$RUNNER_TEMP/app-1.log" 2>/dev/null[0m
2026-08-04T06:33:44.0736710Z [36;1mecho "::endgroup::"[0m
2026-08-04T06:33:44.0737490Z [36;1mecho "::group::应用日志目录探查"[0m
2026-08-04T06:33:44.0738490Z [36;1mls -la "$HOME/Library/Logs/" 2>&1 | head -20[0m
2026-08-04T06:33:44.0739230Z [36;1mecho "::endgroup::"[0m
2026-08-04T06:33:44.1789380Z shell: /bin/bash -e {0}
2026-08-04T06:33:44.1790490Z env:
2026-08-04T06:33:44.1790720Z   SCCACHE_GHA_ENABLED: true
2026-08-04T06:33:44.1791690Z   RUSTC_WRAPPER: sccache
2026-08-04T06:33:44.1793180Z   CARGO_HOME: /Users/runner/.cargo
2026-08-04T06:33:44.1794950Z   CARGO_INCREMENTAL: 0
2026-08-04T06:33:44.1795250Z   CARGO_TERM_COLOR: always
2026-08-04T06:33:44.1796130Z   SCCACHE_PATH: /Users/runner/hostedtoolcache/sccache/0.17.0/arm64/sccache
2026-08-04T06:33:44.1796620Z   ACTIONS_CACHE_SERVICE_V2: on
2026-08-04T06:33:44.1797080Z   ACTIONS_RESULTS_URL: https://results-receiver.actions.githubusercontent.com/
2026-08-04T06:33:44.1866290Z   ACTIONS_RUNTIME_TOKEN: ***
2026-08-04T06:33:44.1866700Z   CACHE_ON_FAILURE: false
2026-08-04T06:33:44.1867150Z   TAURI_SIGNING_PRIVATE_KEY: /Users/runner/work/_temp/smoke.key
2026-08-04T06:33:44.1867580Z   TAURI_SIGNING_PRIVATE_KEY_PASSWORD: 
2026-08-04T06:33:44.1868260Z   APP_BIN: /Users/runner/work/cc-bridge/cc-bridge/desktop/src-tauri/target/release/bundle/macos/cc-bridge.app/Contents/MacOS/cc-bridge-desktop
2026-08-04T06:33:44.1869040Z   APP_PID: 4898
2026-08-04T06:33:44.1869300Z ##[endgroup]
2026-08-04T06:33:46.4696330Z total 24
2026-08-04T06:33:46.4697500Z -rw-r--r--   1 runner  staff   363 Aug  4 06:33 app-1.log
2026-08-04T06:33:46.4698630Z -rw-r--r--   1 runner  staff     0 Aug  4 06:33 app-2.log
2026-08-04T06:33:46.4699130Z -rw-r--r--   1 runner  staff     0 Aug  4 06:33 app-after-upd.log
2026-08-04T06:33:46.4699750Z -rw-r--r--   1 runner  staff  4623 Aug  4 06:33 app-upd.log
2026-08-04T06:33:46.4700300Z drwxr-xr-x  12 runner  staff   384 Aug  4 06:33 shots
2026-08-04T06:33:46.4701160Z 
2026-08-04T06:33:46.4701300Z /Users/runner/work/_temp/out/shots:
2026-08-04T06:33:46.4701730Z total 3488
2026-08-04T06:33:46.4702260Z -rw-r--r--@ 1 runner  staff  224834 Aug  4 06:33 01-full.png
2026-08-04T06:33:46.4702800Z -rw-r--r--@ 1 runner  staff   18466 Aug  4 06:33 02-menubar.png
2026-08-04T06:33:46.4703570Z -rw-r--r--@ 1 runner  staff   78965 Aug  4 06:33 03-notification.png
2026-08-04T06:33:46.4704310Z -rw-r--r--@ 1 runner  staff   78965 Aug  4 06:33 04-after-close.png
2026-08-04T06:33:46.4705070Z -rw-r--r--@ 1 runner  staff  103284 Aug  4 06:33 05-quarantine-dialog.png
2026-08-04T06:33:46.4705930Z -rw-r--r--@ 1 runner  staff  102941 Aug  4 06:33 05a-gatekeeper-block.png
2026-08-04T06:33:46.4706560Z -rw-r--r--@ 1 runner  staff  387757 Aug  4 06:33 06-after-dequarantine.png
2026-08-04T06:33:46.4707230Z -rw-r--r--@ 1 runner  staff  224916 Aug  4 06:33 07-settings.png
2026-08-04T06:33:46.4707800Z -rw-r--r--@ 1 runner  staff  273922 Aug  4 06:33 08-updater.png
2026-08-04T06:33:46.4708370Z -rw-r--r--@ 1 runner  staff  273991 Aug  4 06:33 09-after-update.png
2026-08-04T06:33:46.4710580Z ##[group]应用 stdout（app-1.log）
2026-08-04T06:33:46.4740750Z [2026-08-04T06:24:35Z ERROR tauri_plugin_updater::updater] update endpoint did not respond with a successful status code
2026-08-04T06:33:46.4742740Z [2026-08-04T06:24:37Z ERROR tauri_plugin_updater::updater] update endpoint did not respond with a successful status code
2026-08-04T06:33:46.4743900Z [2026-08-04T06:24:41Z ERROR tauri_plugin_updater::updater] update endpoint did not respond with a successful status code
2026-08-04T06:33:46.4773760Z ##[endgroup]
2026-08-04T06:33:46.4774860Z ##[group]应用日志目录探查
2026-08-04T06:33:46.4853640Z total 48
2026-08-04T06:33:46.4854930Z drwx------+ 14 runner  staff    448 Aug  4 06:21 .
2026-08-04T06:33:46.4856230Z drwx------@ 82 runner  staff   2624 Aug  4 06:21 ..
2026-08-04T06:33:46.4856950Z drwxr-xr-x   2 runner  staff     64 Aug  4 06:20 Assistant
2026-08-04T06:33:46.4857600Z drwxr-xr-x@  2 runner  staff     64 Jul 27 05:14 Baseband
2026-08-04T06:33:46.4858230Z drwxr-xr-x   3 runner  staff     96 Jul 27 05:17 com.apple.AMPLibraryAgent
2026-08-04T06:33:46.4858870Z drwxr-xr-x   3 runner  staff     96 Jul 27 05:14 com.apple.CloudTelemetry
2026-08-04T06:33:46.4859590Z drwxr-xr-x   3 runner  staff     96 Jul 28 06:01 CoreSimulator
2026-08-04T06:33:46.4860090Z drwxr-xr-x   3 runner  staff     96 Jul 28 05:27 CrashReporter
2026-08-04T06:33:46.4860670Z drwxrwx---   3 runner  staff     96 Jul 28 05:26 DiagnosticReports
2026-08-04T06:33:46.4861220Z -rw-r--r--   1 runner  staff   1629 Jul 28 06:38 fsck_hfs.log
2026-08-04T06:33:46.4861660Z -rw-r--r--   1 runner  staff  15420 Aug  4 06:25 hca.log
2026-08-04T06:33:46.4862180Z drwxr-xr-x  16 runner  staff    512 Jul 28 06:37 Homebrew
2026-08-04T06:33:46.4862730Z -rw-r--r--@  1 runner  staff    327 Jul 27 05:15 PhotosSearch.aapbz
2026-08-04T06:33:46.4863290Z drwxr-xr-x   2 runner  staff     64 Jul 28 05:30 SiriTTSService
2026-08-04T06:33:46.4864020Z ##[endgroup]
2026-08-04T06:33:46.4954430Z Node 20 is being deprecated. This workflow is running with Node 24 by default. If you need to temporarily use Node 20, you can set the ACTIONS_ALLOW_USE_UNSECURE_NODE_VERSION=true environment variable. For more information see: https://github.blog/changelog/2025-09-19-deprecation-of-node-20-on-github-actions-runners/
2026-08-04T06:33:46.4955730Z ##[group]Run actions/upload-artifact@v5
2026-08-04T06:33:46.4956030Z with:
2026-08-04T06:33:46.4956240Z   name: macos-smoke-evidence
2026-08-04T06:33:46.4956500Z   path: /Users/runner/work/_temp/out/**
2026-08-04T06:33:46.4956750Z   if-no-files-found: warn
2026-08-04T06:33:46.4956950Z   compression-level: 6
2026-08-04T06:33:46.4957190Z   overwrite: false
2026-08-04T06:33:46.4957410Z   include-hidden-files: false
2026-08-04T06:33:46.4957600Z env:
2026-08-04T06:33:46.4957770Z   SCCACHE_GHA_ENABLED: true
2026-08-04T06:33:46.4958020Z   RUSTC_WRAPPER: sccache
2026-08-04T06:33:46.4958270Z   CARGO_HOME: /Users/runner/.cargo
2026-08-04T06:33:46.4958620Z   CARGO_INCREMENTAL: 0
2026-08-04T06:33:46.4959290Z   CARGO_TERM_COLOR: always
2026-08-04T06:33:46.4959670Z   SCCACHE_PATH: /Users/runner/hostedtoolcache/sccache/0.17.0/arm64/sccache
2026-08-04T06:33:46.4960100Z   ACTIONS_CACHE_SERVICE_V2: on
2026-08-04T06:33:46.4960510Z   ACTIONS_RESULTS_URL: https://results-receiver.actions.githubusercontent.com/
2026-08-04T06:33:46.5029250Z   ACTIONS_RUNTIME_TOKEN: ***
2026-08-04T06:33:46.5029730Z   CACHE_ON_FAILURE: false
2026-08-04T06:33:46.5030050Z   TAURI_SIGNING_PRIVATE_KEY: /Users/runner/work/_temp/smoke.key
2026-08-04T06:33:46.5030370Z   TAURI_SIGNING_PRIVATE_KEY_PASSWORD: 
2026-08-04T06:33:46.5032350Z   APP_BIN: /Users/runner/work/cc-bridge/cc-bridge/desktop/src-tauri/target/release/bundle/macos/cc-bridge.app/Contents/MacOS/cc-bridge-desktop
2026-08-04T06:33:46.5032870Z   APP_PID: 4898
2026-08-04T06:33:46.5033190Z ##[endgroup]
2026-08-04T06:33:47.0377930Z (node:18516) [DEP0040] DeprecationWarning: The `punycode` module is deprecated. Please use a userland alternative instead.
2026-08-04T06:33:47.0379950Z (Use `node --trace-deprecation ...` to show where the warning was created)
2026-08-04T06:33:47.0466120Z With the provided path, there will be 14 files uploaded
2026-08-04T06:33:47.0470590Z Artifact name is valid!
2026-08-04T06:33:47.0471290Z Root directory input is valid!
2026-08-04T06:33:47.4018900Z Beginning upload of artifact content to blob storage
2026-08-04T06:33:47.5791760Z (node:18516) [DEP0169] DeprecationWarning: `url.parse()` behavior is not standardized and prone to errors that have security implications. Use the WHATWG URL API instead. CVEs are not issued for `url.parse()` vulnerabilities.
2026-08-04T06:33:48.4077350Z Uploaded bytes 1676124
2026-08-04T06:33:48.4967880Z Finished uploading artifact content to blob storage!
2026-08-04T06:33:48.4969840Z SHA256 digest of uploaded artifact zip is 5763e7d823ae7af326559866add45b0013b5f9f101003ab1e19d9d75ebfb55ba
2026-08-04T06:33:48.4972580Z Finalizing artifact upload
2026-08-04T06:33:48.7052850Z Artifact macos-smoke-evidence.zip successfully finalized. Artifact ID 8882502558
2026-08-04T06:33:48.7055200Z Artifact macos-smoke-evidence has been successfully uploaded! Final size is 1676124 bytes. Artifact ID is 8882502558
2026-08-04T06:33:48.7070410Z Artifact download URL: https://github.com/lzlkyb/cc-bridge/actions/runs/30883718367/artifacts/8882502558
2026-08-04T06:33:48.7339920Z Post job cleanup.
2026-08-04T06:33:48.8925100Z (node:18534) [DEP0040] DeprecationWarning: The `punycode` module is deprecated. Please use a userland alternative instead.
2026-08-04T06:33:48.8926740Z (Use `node --trace-deprecation ...` to show where the warning was created)
2026-08-04T06:33:48.8927830Z Cache hit occurred on the primary key node-cache-macOS-arm64-npm-88caa2905ba3909839ce663f8f2eee83c910a27ccdea2cf2fc014da8e5c67774, not saving cache.
2026-08-04T06:33:48.9052870Z Post job cleanup.
2026-08-04T06:33:49.1912590Z Cache up-to-date.
2026-08-04T06:33:49.1914060Z (node:18535) [DEP0040] DeprecationWarning: The `punycode` module is deprecated. Please use a userland alternative instead.
2026-08-04T06:33:49.1914900Z (Use `node --trace-deprecation ...` to show where the warning was created)
2026-08-04T06:33:49.2024460Z Post job cleanup.
2026-08-04T06:33:49.3212690Z ##[group]Get human-readable stats
2026-08-04T06:33:49.3226270Z [command]/Users/runner/hostedtoolcache/sccache/0.17.0/arm64/sccache --show-stats
2026-08-04T06:33:49.3398910Z Compile requests                      0
2026-08-04T06:33:49.3399730Z Compile requests executed             0
2026-08-04T06:33:49.3402050Z Cache hits                            0
2026-08-04T06:33:49.3402510Z Cache misses                          0
2026-08-04T06:33:49.3403880Z Cache hits rate                       -
2026-08-04T06:33:49.3405740Z Cache timeouts                        0
2026-08-04T06:33:49.3406950Z Cache read errors                     0
2026-08-04T06:33:49.3408260Z Forced recaches                       0
2026-08-04T06:33:49.3409450Z Cache write errors                    0
2026-08-04T06:33:49.3410850Z Cache errors                          0
2026-08-04T06:33:49.3413500Z Compilations                          0
2026-08-04T06:33:49.3415490Z Compilation failures                  0
2026-08-04T06:33:49.3416530Z Non-cacheable compilations            0
2026-08-04T06:33:49.3417550Z Non-cacheable calls                   0
2026-08-04T06:33:49.3418550Z Non-compilation calls                 0
2026-08-04T06:33:49.3419120Z Unsupported compiler calls            0
2026-08-04T06:33:49.3419520Z Average cache write               0.000 s
2026-08-04T06:33:49.3420620Z Average compiler                  0.000 s
2026-08-04T06:33:49.3421840Z Average cache read hit            0.000 s
2026-08-04T06:33:49.3422880Z Failed distributed compilations       0
2026-08-04T06:33:49.3425450Z Cache location                  ghac, name: cb1f7e366526abf6ae1eead078b47c23b3cb3bd4371944adbb7fae50b8e89210, prefix: /sccache/
2026-08-04T06:33:49.3426850Z Base directories                (none)
2026-08-04T06:33:49.3427270Z Version (client)                0.17.0
2026-08-04T06:33:49.3427860Z ##[endgroup]
2026-08-04T06:33:49.3430730Z ##[group]Get JSON stats
2026-08-04T06:33:49.3432670Z [command]/Users/runner/hostedtoolcache/sccache/0.17.0/arm64/sccache --show-stats --stats-format=json
2026-08-04T06:33:49.3571280Z {"stats":{"compile_requests":0,"requests_unsupported_compiler":0,"requests_not_compile":0,"requests_not_cacheable":0,"requests_executed":0,"cache_errors":{"counts":{},"adv_counts":{}},"cache_hits":{"counts":{},"adv_counts":{}},"cache_misses":{"counts":{},"adv_counts":{}},"cache_timeouts":0,"cache_read_errors":0,"non_cacheable_compilations":0,"forced_recaches":0,"cache_write_errors":0,"cache_writes":0,"cache_write_duration":{"secs":0,"nanos":0},"cache_read_hit_duration":{"secs":0,"nanos":0},"compilations":0,"compiler_write_duration":{"secs":0,"nanos":0},"compile_fails":0,"not_cached":{},"dist_compiles":{},"dist_errors":0,"multi_level":null},"cache_location":"ghac, name: cb1f7e366526abf6ae1eead078b47c23b3cb3bd4371944adbb7fae50b8e89210, prefix: /sccache/","cache_size":null,"max_cache_size":null,"use_preprocessor_cache_mode":false,"version":"0.17.0","basedirs":[]}
2026-08-04T06:33:49.3579320Z ##[endgroup]
2026-08-04T06:33:49.3604910Z ##[notice]0% - 0 hits, 0 misses, 0 errors
2026-08-04T06:33:49.3613190Z 
2026-08-04T06:33:49.3613790Z Full human-readable stats:
2026-08-04T06:33:49.3614330Z Compile requests                      0
2026-08-04T06:33:49.3615000Z Compile requests executed             0
2026-08-04T06:33:49.3615480Z Cache hits                            0
2026-08-04T06:33:49.3615960Z Cache misses                          0
2026-08-04T06:33:49.3616430Z Cache hits rate                       -
2026-08-04T06:33:49.3616790Z Cache timeouts                        0
2026-08-04T06:33:49.3617200Z Cache read errors                     0
2026-08-04T06:33:49.3617610Z Forced recaches                       0
2026-08-04T06:33:49.3618030Z Cache write errors                    0
2026-08-04T06:33:49.3618380Z Cache errors                          0
2026-08-04T06:33:49.3618780Z Compilations                          0
2026-08-04T06:33:49.3619210Z Compilation failures                  0
2026-08-04T06:33:49.3620160Z Non-cacheable compilations            0
2026-08-04T06:33:49.3620550Z Non-cacheable calls                   0
2026-08-04T06:33:49.3620960Z Non-compilation calls                 0
2026-08-04T06:33:49.3621400Z Unsupported compiler calls            0
2026-08-04T06:33:49.3621830Z Average cache write               0.000 s
2026-08-04T06:33:49.3622200Z Average compiler                  0.000 s
2026-08-04T06:33:49.3622620Z Average cache read hit            0.000 s
2026-08-04T06:33:49.3623050Z Failed distributed compilations       0
2026-08-04T06:33:49.3623830Z Cache location                  ghac, name: cb1f7e366526abf6ae1eead078b47c23b3cb3bd4371944adbb7fae50b8e89210, prefix: /sccache/
2026-08-04T06:33:49.3624420Z Base directories                (none)
2026-08-04T06:33:49.3624830Z Version (client)                0.17.0
2026-08-04T06:33:49.3625050Z 
2026-08-04T06:33:49.3755540Z Post job cleanup.
2026-08-04T06:33:49.4977340Z [command]/opt/homebrew/bin/git version
2026-08-04T06:33:49.5070420Z git version 2.55.0
2026-08-04T06:33:49.5095730Z Copying '/Users/runner/.gitconfig' to '/Users/runner/work/_temp/2406987c-4361-4e2b-9dea-5e9501be332e/.gitconfig'
2026-08-04T06:33:49.5106150Z Temporarily overriding HOME='/Users/runner/work/_temp/2406987c-4361-4e2b-9dea-5e9501be332e' before making global git config changes
2026-08-04T06:33:49.5107340Z Adding repository directory to the temporary git global config as a safe directory
2026-08-04T06:33:49.5110480Z [command]/opt/homebrew/bin/git config --global --add safe.directory /Users/runner/work/cc-bridge/cc-bridge
2026-08-04T06:33:49.5285690Z [command]/opt/homebrew/bin/git config --local --name-only --get-regexp core\.sshCommand
2026-08-04T06:33:49.5393250Z [command]/opt/homebrew/bin/git submodule foreach --recursive sh -c "git config --local --name-only --get-regexp 'core\.sshCommand' && git config --local --unset-all 'core.sshCommand' || :"
2026-08-04T06:33:49.6780780Z [command]/opt/homebrew/bin/git config --local --name-only --get-regexp http\.https\:\/\/github\.com\/\.extraheader
2026-08-04T06:33:49.6859410Z http.https://github.com/.extraheader
2026-08-04T06:33:49.6867870Z [command]/opt/homebrew/bin/git config --local --unset-all http.https://github.com/.extraheader
2026-08-04T06:33:49.6982100Z [command]/opt/homebrew/bin/git submodule foreach --recursive sh -c "git config --local --name-only --get-regexp 'http\.https\:\/\/github\.com\/\.extraheader' && git config --local --unset-all 'http.https://github.com/.extraheader' || :"
2026-08-04T06:33:49.8141240Z [command]/opt/homebrew/bin/git config --local --name-only --get-regexp ^includeIf\.gitdir:
2026-08-04T06:33:49.8223410Z [command]/opt/homebrew/bin/git submodule foreach --recursive git config --local --show-origin --name-only --get-regexp remote.origin.url
2026-08-04T06:33:49.9509740Z Cleaning up orphan processes
2026-08-04T06:33:51.8482350Z Terminate orphan process: pid (1729) (System Events)
2026-08-04T06:33:51.9546070Z ##[warning]Node.js 20 is deprecated. The following actions target Node.js 20 but are being forced to run on Node.js 24: actions/upload-artifact@v5. For more information see: https://github.blog/changelog/2025-09-19-deprecation-of-node-20-on-github-actions-runners/
